trace_id,transition_id,split,decision,label_source,label_reason,previous_token_count,current_token_count,previous_changed_token_count,current_changed_token_count,block_size,candidate_block_index,candidate_position_ratio,relative_block_offset,nearest_changed_block_distance,source_displacement_blocks,candidate_share_of_native_recompute,same_position_match,requires_repacking,changed_candidate_token_overlap_ratio,introduced_candidate_token_overlap_ratio,removed_candidate_token_overlap_ratio,changed_candidate_token_jaccard,edit_span_count,edit_span_count_before_candidate,previous_changed_tokens_before_candidate,current_changed_tokens_before_candidate,preceding_context_match_tokens,preceding_matching_run_blocks,following_matching_run_blocks,matching_run_length_blocks,source_occurrence_count,aligned_source_occurrence_count,mtrag_case_index,mtrag_collection,mtrag_conversation_id,mtrag_current_task_id,trial_id,adjudication,review_id,review_verdict,review_reason
mtrag:79f0d0539d9ec0acbf90cb3388b30c17:6-to-7,mtrag:79f0d0539d9ec0acbf90cb3388b30c17:6-to-7,train,reuse,counterfactual_execution,"Blinded semantic review: Both answers provide a broadly correct definition and examples, while both omit how classification depends on a source's use.",1637,1719,696,778,16,62,0.5770796974985457,0,0,-17.0,0.2629582806573957,False,False,0.02056555269922879,0.03296703296703297,0.020942408376963352,0.0642570281124498,40,1,0,56,7,0,0,1,1,1,1,mt-rag-clapnq-elser-512-100-20240503,79f0d0539d9ec0acbf90cb3388b30c17,79f0d0539d9ec0acbf90cb3388b30c17<::>7,07edf37242604e309b43ee9be4661acf,blinded_semantic_review,review-011,equivalent,"Both answers provide a broadly correct definition and examples, while both omit how classification depends on a source's use."
mtrag:79f0d0539d9ec0acbf90cb3388b30c17:6-to-7,mtrag:79f0d0539d9ec0acbf90cb3388b30c17:6-to-7,train,reuse,counterfactual_execution,"Blinded semantic review: Both answers give a broadly correct definition and examples, while both omit the context-dependent distinction between primary and secondary sources.",1637,1719,696,778,16,63,0.5863874345549738,0,0,-19.0,0.2629582806573957,False,False,0.02056555269922879,0.02197802197802198,0.03664921465968586,0.05220883534136546,40,1,0,72,2,0,0,1,1,1,1,mt-rag-clapnq-elser-512-100-20240503,79f0d0539d9ec0acbf90cb3388b30c17,79f0d0539d9ec0acbf90cb3388b30c17<::>7,93dbe13b688f415ead1ae6a79f4b5493,blinded_semantic_review,review-002,equivalent,"Both answers give a broadly correct definition and examples, while both omit the context-dependent distinction between primary and secondary sources."
mtrag:6af5334fbd010b919d7fa174823abd12:1-to-2,mtrag:6af5334fbd010b919d7fa174823abd12:1-to-2,train,reuse,counterfactual_execution,"Blinded semantic review: Both answers correctly distinguish refinancing from obtaining a mortgage, and their minor wording differences do not change the meaning.",1250,1637,1212,1599,16,2,0.019547953573610263,0,0,-75.0,0.2691588785046729,False,False,0.010006253908692933,0.013157894736842105,0.010101010101010102,0.028985507246376812,5,0,0,0,0,0,0,1,1,1,3,mt-rag-fiqa-beir-elser-512-100-20240501,6af5334fbd010b919d7fa174823abd12,6af5334fbd010b919d7fa174823abd12<::>2,918d7063fba4414fb43ec08ee047a092,blinded_semantic_review,review-020,equivalent,"Both answers correctly distinguish refinancing from obtaining a mortgage, and their minor wording differences do not change the meaning."
mtrag:258193fc88e0e73322e288aa03719260:2-to-3,mtrag:258193fc88e0e73322e288aa03719260:2-to-3,train,repair,counterfactual_execution,Blinded semantic review: Answer A clearly identifies qualified charities and relevant examples; Answer B becomes corrupted and incomplete.,2020,1896,1782,1658,16,15,0.12658227848101267,0,0,-110.0,0.22966507177033493,False,False,0.009650180940892641,0.015306122448979591,0.0028089887640449437,0.02819548872180451,40,1,0,7,7,0,0,1,1,1,4,mt-rag-fiqa-beir-elser-512-100-20240501,258193fc88e0e73322e288aa03719260,258193fc88e0e73322e288aa03719260<::>3,0663ec77276c4c918ce284dca7d4321c,blinded_semantic_review,review-021,answer_a_better,Answer A clearly identifies qualified charities and relevant examples; Answer B becomes corrupted and incomplete.
mtrag:258193fc88e0e73322e288aa03719260:8-to-9,mtrag:258193fc88e0e73322e288aa03719260:8-to-9,train,reuse,counterfactual_execution,Reusing this block preserved the configured output-quality gate.,2672,2949,1406,1683,16,111,0.602238046795524,0,0,31.0,0.3574368018812463,False,False,0.009506833036244802,0.01046337817638266,0.007653061224489796,0.029357798165137616,29,2,0,496,12,0,27,28,1,1,5,mt-rag-fiqa-beir-elser-512-100-20240501,258193fc88e0e73322e288aa03719260,258193fc88e0e73322e288aa03719260<::>9,706e59942f754d91afad0bae5b83ee24,exact_output_match,,,
mtrag:258193fc88e0e73322e288aa03719260:8-to-9,mtrag:258193fc88e0e73322e288aa03719260:8-to-9,train,reuse,counterfactual_execution,Reusing this block preserved the configured output-quality gate.,2672,2949,1406,1683,16,112,0.6076636147846728,0,0,31.0,0.3574368018812463,False,False,0.009506833036244802,0.007473841554559043,0.0,0.023853211009174313,29,2,0,496,28,1,26,28,1,1,5,mt-rag-fiqa-beir-elser-512-100-20240501,258193fc88e0e73322e288aa03719260,258193fc88e0e73322e288aa03719260<::>9,133678b05eb24d03ac977c0edaa92d78,exact_output_match,,,
mtrag:258193fc88e0e73322e288aa03719260:8-to-9,mtrag:258193fc88e0e73322e288aa03719260:8-to-9,train,reuse,counterfactual_execution,Reusing this block preserved the configured output-quality gate.,2672,2949,1406,1683,16,114,0.6185147507629705,0,0,31.0,0.3574368018812463,False,False,0.009506833036244802,0.016442451420029897,0.002551020408163265,0.027522935779816515,29,2,0,496,60,3,24,28,1,1,5,mt-rag-fiqa-beir-elser-512-100-20240501,258193fc88e0e73322e288aa03719260,258193fc88e0e73322e288aa03719260<::>9,7a79574d8d3b4f3faff6a660cbbdcd92,exact_output_match,,,
mtrag:258193fc88e0e73322e288aa03719260:8-to-9,mtrag:258193fc88e0e73322e288aa03719260:8-to-9,train,reuse,counterfactual_execution,Reusing this block preserved the configured output-quality gate.,2672,2949,1406,1683,16,116,0.6293658867412683,0,0,31.0,0.3574368018812463,False,False,0.009506833036244802,0.02242152466367713,0.0,0.029357798165137616,29,2,0,496,92,5,22,28,1,1,5,mt-rag-fiqa-beir-elser-512-100-20240501,258193fc88e0e73322e288aa03719260,258193fc88e0e73322e288aa03719260<::>9,793439d676f64e288a2e4bd466967032,exact_output_match,,,
mtrag:258193fc88e0e73322e288aa03719260:8-to-9,mtrag:258193fc88e0e73322e288aa03719260:8-to-9,train,reuse,counterfactual_execution,Reusing this block preserved the configured output-quality gate.,2672,2949,1406,1683,16,117,0.6347914547304171,0,0,31.0,0.3574368018812463,False,False,0.009506833036244802,0.01046337817638266,0.007653061224489796,0.027522935779816515,29,2,0,496,108,6,21,28,1,1,5,mt-rag-fiqa-beir-elser-512-100-20240501,258193fc88e0e73322e288aa03719260,258193fc88e0e73322e288aa03719260<::>9,5391bf92eb6f4d609b5f248b4a113410,exact_output_match,,,
mtrag:258193fc88e0e73322e288aa03719260:8-to-9,mtrag:258193fc88e0e73322e288aa03719260:8-to-9,train,reuse,counterfactual_execution,Reusing this block preserved the configured output-quality gate.,2672,2949,1406,1683,16,118,0.6402170227195659,0,0,31.0,0.3574368018812463,False,False,0.009506833036244802,0.016442451420029897,0.007653061224489796,0.027522935779816515,29,2,0,496,124,7,20,28,1,1,5,mt-rag-fiqa-beir-elser-512-100-20240501,258193fc88e0e73322e288aa03719260,258193fc88e0e73322e288aa03719260<::>9,80c2f18759ce4ba296d9c63d0d96e685,exact_output_match,,,
mtrag:258193fc88e0e73322e288aa03719260:8-to-9,mtrag:258193fc88e0e73322e288aa03719260:8-to-9,train,reuse,counterfactual_execution,Reusing this block preserved the configured output-quality gate.,2672,2949,1406,1683,16,121,0.6564937266870126,0,0,31.0,0.3574368018812463,False,False,0.009506833036244802,0.014947683109118086,0.00510204081632653,0.029357798165137616,29,2,0,496,172,10,17,28,1,1,5,mt-rag-fiqa-beir-elser-512-100-20240501,258193fc88e0e73322e288aa03719260,258193fc88e0e73322e288aa03719260<::>9,920380cd1fea449fb5c0b178851bc530,exact_output_match,,,
mtrag:258193fc88e0e73322e288aa03719260:8-to-9,mtrag:258193fc88e0e73322e288aa03719260:8-to-9,train,reuse,counterfactual_execution,Reusing this block preserved the configured output-quality gate.,2672,2949,1406,1683,16,122,0.6619192946761614,0,0,31.0,0.3574368018812463,False,False,0.009506833036244802,0.017937219730941704,0.0,0.025688073394495414,29,2,0,496,188,11,16,28,1,1,5,mt-rag-fiqa-beir-elser-512-100-20240501,258193fc88e0e73322e288aa03719260,258193fc88e0e73322e288aa03719260<::>9,50289a7be8414afca415be79c077653f,exact_output_match,,,
mtrag:258193fc88e0e73322e288aa03719260:8-to-9,mtrag:258193fc88e0e73322e288aa03719260:8-to-9,train,reuse,counterfactual_execution,Reusing this block preserved the configured output-quality gate.,2672,2949,1406,1683,16,124,0.6727704306544592,0,0,31.0,0.3574368018812463,False,False,0.009506833036244802,0.01046337817638266,0.01020408163265306,0.029357798165137616,29,2,0,496,220,13,14,28,1,1,5,mt-rag-fiqa-beir-elser-512-100-20240501,258193fc88e0e73322e288aa03719260,258193fc88e0e73322e288aa03719260<::>9,c3b2edc5f39e4417a9ca17fe05013fad,exact_output_match,,,
mtrag:258193fc88e0e73322e288aa03719260:8-to-9,mtrag:258193fc88e0e73322e288aa03719260:8-to-9,train,reuse,counterfactual_execution,Reusing this block preserved the configured output-quality gate.,2672,2949,1406,1683,16,130,0.7053238385893523,0,0,31.0,0.3574368018812463,False,False,0.009506833036244802,0.01195814648729447,0.00510204081632653,0.029357798165137616,29,2,0,496,316,19,8,28,1,1,5,mt-rag-fiqa-beir-elser-512-100-20240501,258193fc88e0e73322e288aa03719260,258193fc88e0e73322e288aa03719260<::>9,ae9e14bbe8a54d05a9fab50dba02ada3,exact_output_match,,,
mtrag:258193fc88e0e73322e288aa03719260:8-to-9,mtrag:258193fc88e0e73322e288aa03719260:8-to-9,train,reuse,counterfactual_execution,Reusing this block preserved the configured output-quality gate.,2672,2949,1406,1683,16,136,0.7378772465242455,0,0,31.0,0.3574368018812463,False,False,0.009506833036244802,0.02242152466367713,0.002551020408163265,0.023853211009174313,29,2,0,496,412,25,2,28,1,1,5,mt-rag-fiqa-beir-elser-512-100-20240501,258193fc88e0e73322e288aa03719260,258193fc88e0e73322e288aa03719260<::>9,a277ddbccb404410b7581ecb734f80f8,exact_output_match,,,
mtrag:258193fc88e0e73322e288aa03719260:8-to-9,mtrag:258193fc88e0e73322e288aa03719260:8-to-9,train,reuse,counterfactual_execution,Reusing this block preserved the configured output-quality gate.,2672,2949,1406,1683,16,138,0.7487283825025433,0,0,31.0,0.3574368018812463,False,False,0.009506833036244802,0.016442451420029897,0.002551020408163265,0.029357798165137616,29,2,0,496,444,27,0,28,1,1,5,mt-rag-fiqa-beir-elser-512-100-20240501,258193fc88e0e73322e288aa03719260,258193fc88e0e73322e288aa03719260<::>9,d0ebccddc5704b748ed46dd6e8350ef4,exact_output_match,,,
mtrag:ccdfb6b6f98c55047ae81b705104dbd6:1-to-2,mtrag:ccdfb6b6f98c55047ae81b705104dbd6:1-to-2,train,repair,counterfactual_execution,"Blinded semantic review: Answer B covers crater formation, outgassing, interior assessment, surface properties, and evolution; Answer A omits several details.",2860,2399,2822,2361,16,10,0.06669445602334306,0,0,7.0,0.6827207435572454,False,False,0.006776789495976281,0.0,0.01487778958554729,0.010112359550561797,70,1,0,112,22,1,32,34,1,1,6,mt-rag-govt-elser-512-100-20240611,ccdfb6b6f98c55047ae81b705104dbd6,ccdfb6b6f98c55047ae81b705104dbd6<::>2,532609dddbe649bda0d45a86848c7cb9,blinded_semantic_review,review-004,answer_b_better,"Answer B covers crater formation, outgassing, interior assessment, surface properties, and evolution; Answer A omits several details."
mtrag:ccdfb6b6f98c55047ae81b705104dbd6:1-to-2,mtrag:ccdfb6b6f98c55047ae81b705104dbd6:1-to-2,train,reuse,counterfactual_execution,Blinded semantic review: Answer A explicitly includes the newly exposed surface and direct interior assessment and is closer to the expected answer.,2860,2399,2822,2361,16,12,0.08003334722801167,0,0,7.0,0.6827207435572454,False,False,0.006776789495976281,0.0125,0.006376195536663124,0.010112359550561797,70,1,0,112,54,3,30,34,1,1,6,mt-rag-govt-elser-512-100-20240611,ccdfb6b6f98c55047ae81b705104dbd6,ccdfb6b6f98c55047ae81b705104dbd6<::>2,cdec8d1493304d4b816080afa7593d55,blinded_semantic_review,review-022,answer_a_better,Answer A explicitly includes the newly exposed surface and direct interior assessment and is closer to the expected answer.
mtrag:ccdfb6b6f98c55047ae81b705104dbd6:1-to-2,mtrag:ccdfb6b6f98c55047ae81b705104dbd6:1-to-2,train,reuse,counterfactual_execution,Blinded semantic review: Answer A more completely covers the newly exposed surface and direct assessment of the comet interior.,2860,2399,2822,2361,16,15,0.1000416840350146,0,0,7.0,0.6827207435572454,False,False,0.006776789495976281,0.00625,0.009564293304994687,0.014606741573033709,70,1,0,112,102,6,27,34,1,1,6,mt-rag-govt-elser-512-100-20240611,ccdfb6b6f98c55047ae81b705104dbd6,ccdfb6b6f98c55047ae81b705104dbd6<::>2,80e0da66aed5419f9975915e58a593cf,blinded_semantic_review,review-003,answer_a_better,Answer A more completely covers the newly exposed surface and direct assessment of the comet interior.
mtrag:ccdfb6b6f98c55047ae81b705104dbd6:1-to-2,mtrag:ccdfb6b6f98c55047ae81b705104dbd6:1-to-2,train,repair,counterfactual_execution,"Blinded semantic review: Answer A includes crater formation, outgassing, surface-interior comparison, and dormancy objectives that Answer B omits.",2860,2399,2822,2361,16,19,0.1267194664443518,0,0,7.0,0.6827207435572454,False,False,0.006776789495976281,0.010416666666666666,0.003188097768331562,0.01348314606741573,70,1,0,112,166,10,23,34,1,1,6,mt-rag-govt-elser-512-100-20240611,ccdfb6b6f98c55047ae81b705104dbd6,ccdfb6b6f98c55047ae81b705104dbd6<::>2,0fcd18cce61b4a8f9cf8281538bfc13b,blinded_semantic_review,review-017,answer_a_better,"Answer A includes crater formation, outgassing, surface-interior comparison, and dormancy objectives that Answer B omits."
mtrag:ccdfb6b6f98c55047ae81b705104dbd6:1-to-2,mtrag:ccdfb6b6f98c55047ae81b705104dbd6:1-to-2,train,reuse,counterfactual_execution,"Blinded semantic review: Both answers correctly cover the impact, observations, interior assessment, surface relationship, and evolution objectives with different levels of detail.",2860,2399,2822,2361,16,35,0.23343059608170072,0,0,7.0,0.6827207435572454,False,False,0.006776789495976281,0.0125,0.003188097768331562,0.016853932584269662,70,1,0,112,422,26,7,34,1,1,6,mt-rag-govt-elser-512-100-20240611,ccdfb6b6f98c55047ae81b705104dbd6,ccdfb6b6f98c55047ae81b705104dbd6<::>2,f05e8eca4c13465b9a79e4c5bdf58a45,blinded_semantic_review,review-006,equivalent,"Both answers correctly cover the impact, observations, interior assessment, surface relationship, and evolution objectives with different levels of detail."
mtrag:ccdfb6b6f98c55047ae81b705104dbd6:1-to-2,mtrag:ccdfb6b6f98c55047ae81b705104dbd6:1-to-2,train,repair,counterfactual_execution,"Blinded semantic review: Answer A covers the crater, outgassing, interior material, surface properties, and evolution objectives; Answer B omits several details.",2860,2399,2822,2361,16,40,0.26677782409337225,0,0,7.0,0.6827207435572454,False,False,0.006776789495976281,0.00625,0.004250797024442083,0.017977528089887642,70,1,0,112,502,31,2,34,1,1,6,mt-rag-govt-elser-512-100-20240611,ccdfb6b6f98c55047ae81b705104dbd6,ccdfb6b6f98c55047ae81b705104dbd6<::>2,53141d40b30a4038a2616557f1eb6299,blinded_semantic_review,review-024,answer_a_better,"Answer A covers the crater, outgassing, interior material, surface properties, and evolution objectives; Answer B omits several details."
mtrag:ccdfb6b6f98c55047ae81b705104dbd6:1-to-2,mtrag:ccdfb6b6f98c55047ae81b705104dbd6:1-to-2,train,repair,counterfactual_execution,"Blinded semantic review: Answer A covers the crater, outgassing, interior material, surface properties, and evolution objectives; Answer B omits several details.",2860,2399,2822,2361,16,124,0.8270112546894539,0,0,88.0,0.6827207435572454,False,False,0.006776789495976281,0.0020833333333333333,0.009564293304994687,0.015730337078651686,70,50,987,812,2,0,23,24,1,1,6,mt-rag-govt-elser-512-100-20240611,ccdfb6b6f98c55047ae81b705104dbd6,ccdfb6b6f98c55047ae81b705104dbd6<::>2,f7e8e9fa3b53448e9f59753570a445b5,blinded_semantic_review,review-018,answer_a_better,"Answer A covers the crater, outgassing, interior material, surface properties, and evolution objectives; Answer B omits several details."
mtrag:ccdfb6b6f98c55047ae81b705104dbd6:1-to-2,mtrag:ccdfb6b6f98c55047ae81b705104dbd6:1-to-2,train,reuse,counterfactual_execution,Blinded semantic review: Answer B explicitly includes direct interior assessment and more closely matches the expected scientific objectives.,2860,2399,2822,2361,16,126,0.8403501458941226,0,0,88.0,0.6827207435572454,False,False,0.006776789495976281,0.008333333333333333,0.008501594048884165,0.014606741573033709,70,55,1007,831,34,2,21,24,1,1,6,mt-rag-govt-elser-512-100-20240611,ccdfb6b6f98c55047ae81b705104dbd6,ccdfb6b6f98c55047ae81b705104dbd6<::>2,8617387de31942e3be4cd6ed86f2888d,blinded_semantic_review,review-015,answer_b_better,Answer B explicitly includes direct interior assessment and more closely matches the expected scientific objectives.
mtrag:ccdfb6b6f98c55047ae81b705104dbd6:1-to-2,mtrag:ccdfb6b6f98c55047ae81b705104dbd6:1-to-2,train,repair,counterfactual_execution,"Blinded semantic review: Answer B covers crater formation, outgassing, interior assessment, surface properties, and evolution; Answer A omits several details.",2860,2399,2822,2361,16,134,0.893705710712797,0,0,88.0,0.6827207435572454,False,False,0.006776789495976281,0.010416666666666666,0.0,0.017977528089887642,70,59,1022,954,162,10,13,24,1,1,6,mt-rag-govt-elser-512-100-20240611,ccdfb6b6f98c55047ae81b705104dbd6,ccdfb6b6f98c55047ae81b705104dbd6<::>2,2f479748226f488ab83ee349eb3bfa0c,blinded_semantic_review,review-014,answer_b_better,"Answer B covers crater formation, outgassing, interior assessment, surface properties, and evolution; Answer A omits several details."
mtrag:ccdfb6b6f98c55047ae81b705104dbd6:1-to-2,mtrag:ccdfb6b6f98c55047ae81b705104dbd6:1-to-2,train,repair,counterfactual_execution,"Blinded semantic review: Answer B covers crater formation, outgassing, interior assessment, surface properties, and evolution; Answer A omits several details.",2860,2399,2822,2361,16,139,0.9270529387244685,0,0,88.0,0.6827207435572454,False,False,0.006776789495976281,0.014583333333333334,0.004250797024442083,0.016853932584269662,70,60,1024,1033,242,15,8,24,1,1,6,mt-rag-govt-elser-512-100-20240611,ccdfb6b6f98c55047ae81b705104dbd6,ccdfb6b6f98c55047ae81b705104dbd6<::>2,f3acf9a1eca648dab96ddd5e0baa7d12,blinded_semantic_review,review-023,answer_b_better,"Answer B covers crater formation, outgassing, interior assessment, surface properties, and evolution; Answer A omits several details."
mtrag:ccdfb6b6f98c55047ae81b705104dbd6:1-to-2,mtrag:ccdfb6b6f98c55047ae81b705104dbd6:1-to-2,train,repair,counterfactual_execution,"Blinded semantic review: Answer B covers the crater, outgassing, interior material, surface properties, and evolution objectives; Answer A omits several details.",2860,2399,2822,2361,16,143,0.9537307211338057,0,0,88.0,0.6827207435572454,False,False,0.006776789495976281,0.004166666666666667,0.007438894792773645,0.012359550561797753,70,60,1024,1097,306,19,4,24,1,1,6,mt-rag-govt-elser-512-100-20240611,ccdfb6b6f98c55047ae81b705104dbd6,ccdfb6b6f98c55047ae81b705104dbd6<::>2,5e9968a37c27484794ee36f8689468a9,blinded_semantic_review,review-010,answer_b_better,"Answer B covers the crater, outgassing, interior material, surface properties, and evolution objectives; Answer A omits several details."
mtrag:ccdfb6b6f98c55047ae81b705104dbd6:1-to-2,mtrag:ccdfb6b6f98c55047ae81b705104dbd6:1-to-2,train,repair,counterfactual_execution,"Blinded semantic review: Answer A covers the crater, outgassing, interior material, surface properties, and evolution objectives; Answer B omits several details.",2860,2399,2822,2361,16,147,0.980408503543143,0,0,88.0,0.6827207435572454,False,False,0.006776789495976281,0.0020833333333333333,0.007438894792773645,0.014606741573033709,70,61,1033,1160,370,23,0,24,1,1,6,mt-rag-govt-elser-512-100-20240611,ccdfb6b6f98c55047ae81b705104dbd6,ccdfb6b6f98c55047ae81b705104dbd6<::>2,f31f30c5d46f4a13b9622d14e36f4556,blinded_semantic_review,review-027,answer_a_better,"Answer A covers the crater, outgassing, interior material, surface properties, and evolution objectives; Answer B omits several details."
mtrag:b4614daadceeecb400f7baf0aa48dcb8:2-to-3,mtrag:b4614daadceeecb400f7baf0aa48dcb8:2-to-3,train,reuse,counterfactual_execution,Reusing this block preserved the configured output-quality gate.,2053,2079,1939,1965,16,62,0.47715247715247716,0,0,7.0,0.7907211296016137,False,False,0.008142493638676845,0.0038022813688212928,0.016877637130801686,0.027881040892193308,31,3,359,471,37,2,23,26,1,1,7,mt-rag-ibmcloud-elser-512-100-20240502,b4614daadceeecb400f7baf0aa48dcb8,b4614daadceeecb400f7baf0aa48dcb8<::>3,6f9f262783e8498c967f59fa4fc49b4c,exact_output_match,,,
mtrag:b4614daadceeecb400f7baf0aa48dcb8:2-to-3,mtrag:b4614daadceeecb400f7baf0aa48dcb8:2-to-3,train,reuse,counterfactual_execution,Reusing this block preserved the configured output-quality gate.,2053,2079,1939,1965,16,63,0.48484848484848486,0,0,7.0,0.7907211296016137,False,False,0.008142493638676845,0.0076045627376425855,0.02531645569620253,0.027881040892193308,31,3,359,471,53,3,22,26,1,1,7,mt-rag-ibmcloud-elser-512-100-20240502,b4614daadceeecb400f7baf0aa48dcb8,b4614daadceeecb400f7baf0aa48dcb8<::>3,feed2f9fd572481eb0d37fb58df8abea,exact_output_match,,,
mtrag:b4614daadceeecb400f7baf0aa48dcb8:2-to-3,mtrag:b4614daadceeecb400f7baf0aa48dcb8:2-to-3,train,reuse,counterfactual_execution,Reusing this block preserved the configured output-quality gate.,2053,2079,1939,1965,16,64,0.49254449254449256,0,0,7.0,0.7907211296016137,False,False,0.008142493638676845,0.0038022813688212928,0.029535864978902954,0.027881040892193308,31,3,359,471,69,4,21,26,1,1,7,mt-rag-ibmcloud-elser-512-100-20240502,b4614daadceeecb400f7baf0aa48dcb8,b4614daadceeecb400f7baf0aa48dcb8<::>3,548c0c55f2ec48a6ace875886556b785,exact_output_match,,,
mtrag:b4614daadceeecb400f7baf0aa48dcb8:2-to-3,mtrag:b4614daadceeecb400f7baf0aa48dcb8:2-to-3,train,reuse,counterfactual_execution,Reusing this block preserved the configured output-quality gate.,2053,2079,1939,1965,16,65,0.5002405002405003,0,0,7.0,0.7907211296016137,False,False,0.008142493638676845,0.019011406844106463,0.012658227848101266,0.02973977695167286,31,3,359,471,85,5,20,26,1,1,7,mt-rag-ibmcloud-elser-512-100-20240502,b4614daadceeecb400f7baf0aa48dcb8,b4614daadceeecb400f7baf0aa48dcb8<::>3,f18f1456c7a4413ea19c2495b2253771,exact_output_match,,,
mtrag:b4614daadceeecb400f7baf0aa48dcb8:2-to-3,mtrag:b4614daadceeecb400f7baf0aa48dcb8:2-to-3,train,reuse,counterfactual_execution,Reusing this block preserved the configured output-quality gate.,2053,2079,1939,1965,16,67,0.5156325156325157,0,0,7.0,0.7907211296016137,False,False,0.008142493638676845,0.0,0.008438818565400843,0.02973977695167286,31,3,359,471,117,7,18,26,1,1,7,mt-rag-ibmcloud-elser-512-100-20240502,b4614daadceeecb400f7baf0aa48dcb8,b4614daadceeecb400f7baf0aa48dcb8<::>3,37725515bb3840438ea91433b572c1df,exact_output_match,,,
mtrag:b4614daadceeecb400f7baf0aa48dcb8:2-to-3,mtrag:b4614daadceeecb400f7baf0aa48dcb8:2-to-3,train,reuse,counterfactual_execution,Blinded semantic review: Both answers give the same correct WebSocket workflow; their differences are formatting and wording only.,2053,2079,1939,1965,16,68,0.5233285233285233,0,0,7.0,0.7907211296016137,False,False,0.008142493638676845,0.0,0.008438818565400843,0.02973977695167286,31,3,359,471,133,8,17,26,1,1,7,mt-rag-ibmcloud-elser-512-100-20240502,b4614daadceeecb400f7baf0aa48dcb8,b4614daadceeecb400f7baf0aa48dcb8<::>3,21b7d31612154d6aaa5371aeb852b5d6,blinded_semantic_review,review-001,equivalent,Both answers give the same correct WebSocket workflow; their differences are formatting and wording only.
mtrag:b4614daadceeecb400f7baf0aa48dcb8:2-to-3,mtrag:b4614daadceeecb400f7baf0aa48dcb8:2-to-3,train,reuse,counterfactual_execution,Reusing this block preserved the configured output-quality gate.,2053,2079,1939,1965,16,70,0.5387205387205387,0,0,7.0,0.7907211296016137,False,False,0.008142493638676845,0.0076045627376425855,0.012658227848101266,0.024163568773234202,31,3,359,471,165,10,15,26,1,1,7,mt-rag-ibmcloud-elser-512-100-20240502,b4614daadceeecb400f7baf0aa48dcb8,b4614daadceeecb400f7baf0aa48dcb8<::>3,9cff38cf84754aeca3f1741460761996,exact_output_match,,,
mtrag:b4614daadceeecb400f7baf0aa48dcb8:2-to-3,mtrag:b4614daadceeecb400f7baf0aa48dcb8:2-to-3,train,reuse,counterfactual_execution,Reusing this block preserved the configured output-quality gate.,2053,2079,1939,1965,16,71,0.5464165464165465,0,0,7.0,0.7907211296016137,False,False,0.008142493638676845,0.0038022813688212928,0.02109704641350211,0.02973977695167286,31,3,359,471,181,11,14,26,1,1,7,mt-rag-ibmcloud-elser-512-100-20240502,b4614daadceeecb400f7baf0aa48dcb8,b4614daadceeecb400f7baf0aa48dcb8<::>3,f14f5760a53f499baac7224b99df310e,exact_output_match,,,
mtrag:b4614daadceeecb400f7baf0aa48dcb8:2-to-3,mtrag:b4614daadceeecb400f7baf0aa48dcb8:2-to-3,train,reuse,counterfactual_execution,Reusing this block preserved the configured output-quality gate.,2053,2079,1939,1965,16,73,0.5618085618085618,0,0,7.0,0.7907211296016137,False,False,0.008142493638676845,0.0076045627376425855,0.012658227848101266,0.027881040892193308,31,3,359,471,213,13,12,26,1,1,7,mt-rag-ibmcloud-elser-512-100-20240502,b4614daadceeecb400f7baf0aa48dcb8,b4614daadceeecb400f7baf0aa48dcb8<::>3,15c10e50de1144e59b61a9d2b2e190ea,exact_output_match,,,
mtrag:b4614daadceeecb400f7baf0aa48dcb8:2-to-3,mtrag:b4614daadceeecb400f7baf0aa48dcb8:2-to-3,train,reuse,counterfactual_execution,Reusing this block preserved the configured output-quality gate.,2053,2079,1939,1965,16,77,0.5925925925925926,0,0,7.0,0.7907211296016137,False,False,0.008142493638676845,0.011406844106463879,0.008438818565400843,0.024163568773234202,31,3,359,471,277,17,8,26,1,1,7,mt-rag-ibmcloud-elser-512-100-20240502,b4614daadceeecb400f7baf0aa48dcb8,b4614daadceeecb400f7baf0aa48dcb8<::>3,ed98541a83f341b4a16c1c35c64d4d13,exact_output_match,,,
mtrag:b4614daadceeecb400f7baf0aa48dcb8:2-to-3,mtrag:b4614daadceeecb400f7baf0aa48dcb8:2-to-3,train,reuse,counterfactual_execution,"Blinded semantic review: Both answers describe the same connection, parameter, event-listener, and audio-message workflow; only wording and formatting differ.",2053,2079,1939,1965,16,79,0.607984607984608,0,0,7.0,0.7907211296016137,False,False,0.008142493638676845,0.011406844106463879,0.016877637130801686,0.02973977695167286,31,3,359,471,309,19,6,26,1,1,7,mt-rag-ibmcloud-elser-512-100-20240502,b4614daadceeecb400f7baf0aa48dcb8,b4614daadceeecb400f7baf0aa48dcb8<::>3,ccec76338ed244098e37b5e82099f922,blinded_semantic_review,review-013,equivalent,"Both answers describe the same connection, parameter, event-listener, and audio-message workflow; only wording and formatting differ."
mtrag:b4614daadceeecb400f7baf0aa48dcb8:2-to-3,mtrag:b4614daadceeecb400f7baf0aa48dcb8:2-to-3,train,reuse,counterfactual_execution,Reusing this block preserved the configured output-quality gate.,2053,2079,1939,1965,16,95,0.7311207311207312,0,0,54.875,0.7907211296016137,False,False,0.008142493638676845,0.0,0.0379746835443038,0.027881040892193308,31,14,463,576,152,0,0,1,2,1,7,mt-rag-ibmcloud-elser-512-100-20240502,b4614daadceeecb400f7baf0aa48dcb8,b4614daadceeecb400f7baf0aa48dcb8<::>3,5a26899f70994d7bbe755cbc9d3ae42f,exact_output_match,,,
mtrag:20c2cbd18c16c12c9c2bbead6aef1a21:6-to-7,mtrag:20c2cbd18c16c12c9c2bbead6aef1a21:6-to-7,train,reuse,counterfactual_execution,Reusing this block preserved the configured output-quality gate.,2787,2681,2196,2090,16,42,0.2506527415143603,0,0,4.0,0.22042755344418052,False,False,0.007655502392344498,0.012287334593572778,0.0,0.02086677367576244,74,1,0,64,28,1,27,29,1,1,8,mt-rag-ibmcloud-elser-512-100-20240502,20c2cbd18c16c12c9c2bbead6aef1a21,20c2cbd18c16c12c9c2bbead6aef1a21<::>7,d726202fb8884b9b89bded8d46170449,exact_output_match,,,
mtrag:20c2cbd18c16c12c9c2bbead6aef1a21:6-to-7,mtrag:20c2cbd18c16c12c9c2bbead6aef1a21:6-to-7,train,reuse,counterfactual_execution,"Blinded semantic review: Answer B explicitly connects secrets with secure storage and prevention of unauthorized access, matching the expected protection requirement more closely.",2787,2681,2196,2090,16,46,0.2745244311823946,0,0,4.0,0.22042755344418052,False,False,0.007655502392344498,0.000945179584120983,0.00859106529209622,0.02247191011235955,74,1,0,64,92,5,23,29,1,1,8,mt-rag-ibmcloud-elser-512-100-20240502,20c2cbd18c16c12c9c2bbead6aef1a21,20c2cbd18c16c12c9c2bbead6aef1a21<::>7,78a5b03c4b474d42a8f23beb7d934229,blinded_semantic_review,review-019,answer_b_better,"Answer B explicitly connects secrets with secure storage and prevention of unauthorized access, matching the expected protection requirement more closely."
mtrag:20c2cbd18c16c12c9c2bbead6aef1a21:6-to-7,mtrag:20c2cbd18c16c12c9c2bbead6aef1a21:6-to-7,train,reuse,counterfactual_execution,"Blinded semantic review: Answer A explicitly connects secrets with secure storage and prevention of unauthorized access, matching the expected protection requirement more closely.",2787,2681,2196,2090,16,47,0.2804923535994032,0,0,4.0,0.22042755344418052,False,False,0.007655502392344498,0.000945179584120983,0.010309278350515464,0.024077046548956663,74,1,0,64,108,6,22,29,1,1,8,mt-rag-ibmcloud-elser-512-100-20240502,20c2cbd18c16c12c9c2bbead6aef1a21,20c2cbd18c16c12c9c2bbead6aef1a21<::>7,757567ba4a4644e3b615ff76dc081a14,blinded_semantic_review,review-007,answer_a_better,"Answer A explicitly connects secrets with secure storage and prevention of unauthorized access, matching the expected protection requirement more closely."
mtrag:20c2cbd18c16c12c9c2bbead6aef1a21:6-to-7,mtrag:20c2cbd18c16c12c9c2bbead6aef1a21:6-to-7,train,reuse,counterfactual_execution,"Blinded semantic review: Answer A directly emphasizes secure storage and unauthorized-access prevention, which better reflects the expected answer.",2787,2681,2196,2090,16,48,0.2864602760164118,0,0,4.0,0.22042755344418052,False,False,0.007655502392344498,0.001890359168241966,0.006872852233676976,0.025682182985553772,74,1,0,64,124,7,21,29,1,1,8,mt-rag-ibmcloud-elser-512-100-20240502,20c2cbd18c16c12c9c2bbead6aef1a21,20c2cbd18c16c12c9c2bbead6aef1a21<::>7,294c9d393a9a43b3b65ee5e235cc5522,blinded_semantic_review,review-016,answer_a_better,"Answer A directly emphasizes secure storage and unauthorized-access prevention, which better reflects the expected answer."
mtrag:20c2cbd18c16c12c9c2bbead6aef1a21:6-to-7,mtrag:20c2cbd18c16c12c9c2bbead6aef1a21:6-to-7,train,reuse,counterfactual_execution,"Blinded semantic review: Answer A directly explains secure encrypted storage and controlled retrieval, which is closer to the expected lifecycle-protection point.",2787,2681,2196,2090,16,53,0.3162998881014547,0,0,4.0,0.22042755344418052,False,False,0.007655502392344498,0.000945179584120983,0.007731958762886598,0.024077046548956663,74,1,0,64,204,12,16,29,1,1,8,mt-rag-ibmcloud-elser-512-100-20240502,20c2cbd18c16c12c9c2bbead6aef1a21,20c2cbd18c16c12c9c2bbead6aef1a21<::>7,2f1af3caa04f43f784aa0b6604976a35,blinded_semantic_review,review-005,answer_a_better,"Answer A directly explains secure encrypted storage and controlled retrieval, which is closer to the expected lifecycle-protection point."
mtrag:20c2cbd18c16c12c9c2bbead6aef1a21:6-to-7,mtrag:20c2cbd18c16c12c9c2bbead6aef1a21:6-to-7,train,reuse,counterfactual_execution,Reusing this block preserved the configured output-quality gate.,2787,2681,2196,2090,16,54,0.32226781051846326,0,0,4.0,0.22042755344418052,False,False,0.007655502392344498,0.001890359168241966,0.00429553264604811,0.019261637239165328,74,1,0,64,220,13,15,29,1,1,8,mt-rag-ibmcloud-elser-512-100-20240502,20c2cbd18c16c12c9c2bbead6aef1a21,20c2cbd18c16c12c9c2bbead6aef1a21<::>7,7425708ebb4547998058cafb5536225d,exact_output_match,,,
mtrag:20c2cbd18c16c12c9c2bbead6aef1a21:6-to-7,mtrag:20c2cbd18c16c12c9c2bbead6aef1a21:6-to-7,train,reuse,counterfactual_execution,"Blinded semantic review: Answer A directly emphasizes secure storage and unauthorized-access prevention, which better reflects the expected answer.",2787,2681,2196,2090,16,55,0.3282357329354718,0,0,4.0,0.22042755344418052,False,False,0.007655502392344498,0.001890359168241966,0.00429553264604811,0.02247191011235955,74,1,0,64,236,14,14,29,1,1,8,mt-rag-ibmcloud-elser-512-100-20240502,20c2cbd18c16c12c9c2bbead6aef1a21,20c2cbd18c16c12c9c2bbead6aef1a21<::>7,30deea031e754b1e85c288a04a4be2f6,blinded_semantic_review,review-026,answer_a_better,"Answer A directly emphasizes secure storage and unauthorized-access prevention, which better reflects the expected answer."
mtrag:20c2cbd18c16c12c9c2bbead6aef1a21:6-to-7,mtrag:20c2cbd18c16c12c9c2bbead6aef1a21:6-to-7,train,repair,counterfactual_execution,Blinded semantic review: Answer B gives the general sensitive-data definition and relevant examples; Answer A narrows the concept to one service object.,2787,2681,2196,2090,16,62,0.3700111898545319,0,0,4.0,0.22042755344418052,False,False,0.007655502392344498,0.003780718336483932,0.002577319587628866,0.024077046548956663,74,1,0,64,348,21,7,29,1,1,8,mt-rag-ibmcloud-elser-512-100-20240502,20c2cbd18c16c12c9c2bbead6aef1a21,20c2cbd18c16c12c9c2bbead6aef1a21<::>7,383d58da4c5a4ac5b147f76a900e07bc,blinded_semantic_review,review-025,answer_b_better,Answer B gives the general sensitive-data definition and relevant examples; Answer A narrows the concept to one service object.
mtrag:20c2cbd18c16c12c9c2bbead6aef1a21:6-to-7,mtrag:20c2cbd18c16c12c9c2bbead6aef1a21:6-to-7,train,reuse,counterfactual_execution,Reusing this block preserved the configured output-quality gate.,2787,2681,2196,2090,16,63,0.37597911227154046,0,0,4.0,0.22042755344418052,False,False,0.007655502392344498,0.001890359168241966,0.006013745704467354,0.024077046548956663,74,1,0,64,364,22,6,29,1,1,8,mt-rag-ibmcloud-elser-512-100-20240502,20c2cbd18c16c12c9c2bbead6aef1a21,20c2cbd18c16c12c9c2bbead6aef1a21<::>7,ac609f4de5004461a0ed3e36376161c0,exact_output_match,,,
mtrag:20c2cbd18c16c12c9c2bbead6aef1a21:6-to-7,mtrag:20c2cbd18c16c12c9c2bbead6aef1a21:6-to-7,train,reuse,counterfactual_execution,Reusing this block preserved the configured output-quality gate.,2787,2681,2196,2090,16,64,0.38194703468854907,0,0,4.0,0.22042755344418052,False,False,0.007655502392344498,0.003780718336483932,0.001718213058419244,0.025682182985553772,74,1,0,64,380,23,5,29,1,1,8,mt-rag-ibmcloud-elser-512-100-20240502,20c2cbd18c16c12c9c2bbead6aef1a21,20c2cbd18c16c12c9c2bbead6aef1a21<::>7,cc25bcf3b19f4e279245faef739c9bcd,exact_output_match,,,
mtrag:20c2cbd18c16c12c9c2bbead6aef1a21:6-to-7,mtrag:20c2cbd18c16c12c9c2bbead6aef1a21:6-to-7,train,reuse,counterfactual_execution,"Blinded semantic review: Answer A explicitly describes secure storage and prevention of unauthorized access, while Answer B shifts to generic tooling and compliance.",2787,2681,2196,2090,16,66,0.39388287952256623,0,0,4.0,0.22042755344418052,False,False,0.007655502392344498,0.001890359168241966,0.00429553264604811,0.024077046548956663,74,1,0,64,412,25,3,29,2,1,8,mt-rag-ibmcloud-elser-512-100-20240502,20c2cbd18c16c12c9c2bbead6aef1a21,20c2cbd18c16c12c9c2bbead6aef1a21<::>7,0ea7644299aa4c929a8f69e76de102ad,blinded_semantic_review,review-008,answer_a_better,"Answer A explicitly describes secure storage and prevention of unauthorized access, while Answer B shifts to generic tooling and compliance."
mtrag:20c2cbd18c16c12c9c2bbead6aef1a21:6-to-7,mtrag:20c2cbd18c16c12c9c2bbead6aef1a21:6-to-7,train,reuse,counterfactual_execution,"Blinded semantic review: Answer A directly emphasizes secure storage and unauthorized-access prevention, which better reflects the expected answer.",2787,2681,2196,2090,16,69,0.41178664677359195,0,0,4.0,0.22042755344418052,False,False,0.007655502392344498,0.001890359168241966,0.005154639175257732,0.025682182985553772,74,1,0,64,460,28,0,29,1,1,8,mt-rag-ibmcloud-elser-512-100-20240502,20c2cbd18c16c12c9c2bbead6aef1a21,20c2cbd18c16c12c9c2bbead6aef1a21<::>7,3a0ae53542bf40cd8fc774752306646c,blinded_semantic_review,review-009,answer_a_better,"Answer A directly emphasizes secure storage and unauthorized-access prevention, which better reflects the expected answer."
