layer,check_index,distance_from_drop,v_cosine_similarity,v_relative_l2,k_cosine_similarity,k_relative_l2
0,1,1,1.0,0.0,0.9999,0.0101
0,2,2,1.0,0.0,0.9999,0.0101
0,3,3,1.0,0.0,0.9999,0.0101
0,4,4,1.0,0.0,0.9999,0.0102
0,5,5,1.0,0.0,0.9999,0.0101
1,1,1,0.9884,0.1525,0.9975,0.071
1,2,2,0.9994,0.0358,0.9975,0.0703
1,3,3,0.9999,0.0165,0.9975,0.0702
1,4,4,0.9999,0.0118,0.9975,0.0702
1,5,5,0.9999,0.0117,0.9975,0.0703
2,1,1,0.9347,0.3693,0.9634,0.2681
2,2,2,0.9903,0.1394,0.9641,0.2663
2,3,3,0.9964,0.0861,0.9635,0.2692
2,4,4,0.9977,0.068,0.9637,0.2683
2,5,5,0.9986,0.0543,0.9635,0.2697
3,1,1,0.7765,0.6529,0.902,0.4318
3,2,2,0.9902,0.1402,0.9186,0.3983
3,3,3,0.9939,0.1105,0.9182,0.4011
3,4,4,0.9954,0.0959,0.916,0.4071
3,5,5,0.9963,0.0859,0.9161,0.4081
4,1,1,0.896,0.4671,0.8989,0.4402
4,2,2,0.9907,0.1364,0.9162,0.4023
4,3,3,0.9955,0.0946,0.9148,0.4075
4,4,4,0.9966,0.0828,0.9142,0.41
4,5,5,0.9978,0.0669,0.9153,0.4087
5,1,1,0.904,0.44,0.88,0.4798
5,2,2,0.9785,0.2064,0.894,0.4561
5,3,3,0.9835,0.1811,0.8929,0.4602
5,4,4,0.9848,0.1741,0.8928,0.4618
5,5,5,0.9881,0.1539,0.8912,0.4659
6,1,1,0.8563,0.5435,0.8835,0.4818
6,2,2,0.9834,0.1845,0.8953,0.4547
6,3,3,0.9882,0.1536,0.8931,0.4588
6,4,4,0.9926,0.1214,0.8922,0.4625
6,5,5,0.9952,0.0978,0.8928,0.4621
7,1,1,0.8349,0.5849,0.9754,0.2232
7,2,2,0.9787,0.2064,0.9754,0.2224
7,3,3,0.9852,0.1719,0.9746,0.2251
7,4,4,0.9877,0.1563,0.9737,0.2292
7,5,5,0.992,0.1262,0.973,0.2325
8,1,1,0.7859,0.6504,0.8846,0.4733
8,2,2,0.9768,0.216,0.9158,0.405
8,3,3,0.9842,0.1772,0.9167,0.4042
8,4,4,0.9878,0.1559,0.9163,0.4059
8,5,5,0.9905,0.1379,0.9183,0.4019
9,1,1,0.7985,0.6195,0.8543,0.53
9,2,2,0.9339,0.3597,0.8947,0.4541
9,3,3,0.9771,0.2137,0.8947,0.4557
9,4,4,0.9884,0.1522,0.8998,0.4454
9,5,5,0.9903,0.1392,0.9021,0.4411
10,1,1,0.5384,0.9239,0.9064,0.4228
10,2,2,0.8674,0.5126,0.9461,0.3243
10,3,3,0.9454,0.346,0.949,0.3174
10,4,4,0.9718,0.2397,0.9497,0.3151
10,5,5,0.9809,0.1956,0.951,0.3117
11,1,1,0.8412,0.5454,0.8875,0.4624
11,2,2,0.9465,0.3238,0.9088,0.4202
11,3,3,0.9769,0.2183,0.9099,0.4228
11,4,4,0.9854,0.1707,0.9094,0.4247
11,5,5,0.9832,0.1833,0.908,0.4282
12,1,1,0.7824,0.6316,0.8738,0.49
12,2,2,0.923,0.3951,0.9142,0.4085
12,3,3,0.9579,0.2921,0.9139,0.411
12,4,4,0.9828,0.1846,0.9197,0.3964
12,5,5,0.9855,0.1696,0.9203,0.3963
13,1,1,0.7401,0.7284,0.8489,0.5374
13,2,2,0.9025,0.4433,0.8807,0.4811
13,3,3,0.9722,0.2355,0.8882,0.4708
13,4,4,0.9726,0.2337,0.8879,0.4724
13,5,5,0.983,0.1836,0.8893,0.4692
14,1,1,0.6781,0.811,0.903,0.4305
14,2,2,0.8318,0.5691,0.9267,0.3781
14,3,3,0.9533,0.302,0.9452,0.3267
14,4,4,0.9475,0.3225,0.9378,0.3482
14,5,5,0.9577,0.2876,0.9418,0.3387
15,1,1,0.631,0.8022,0.9932,0.1165
15,2,2,0.8124,0.6054,0.995,0.1001
15,3,3,0.9279,0.3873,0.9951,0.0994
15,4,4,0.9436,0.3465,0.9946,0.1044
15,5,5,0.9384,0.3518,0.9947,0.1029
16,1,1,0.6106,0.8048,0.9112,0.4188
16,2,2,0.7441,0.6853,0.947,0.3219
16,3,3,0.7493,0.716,0.959,0.2848
16,4,4,0.9049,0.4372,0.9594,0.2829
16,5,5,0.9504,0.3143,0.9661,0.2585
17,1,1,0.5259,0.9717,0.8949,0.4479
17,2,2,0.8505,0.5446,0.9333,0.3607
17,3,3,0.9371,0.3518,0.9479,0.3215
17,4,4,0.9566,0.2999,0.9459,0.3271
17,5,5,0.9506,0.3207,0.9475,0.3212
18,1,1,0.5804,0.8803,0.9182,0.3977
18,2,2,0.8299,0.5917,0.9412,0.3447
18,3,3,0.9303,0.3669,0.9505,0.3138
18,4,4,0.9558,0.301,0.9486,0.3191
18,5,5,0.9512,0.3191,0.9493,0.317
19,1,1,0.5372,0.9626,0.869,0.4964
19,2,2,0.8511,0.565,0.9228,0.3898
19,3,3,0.9405,0.3435,0.9459,0.3249
19,4,4,0.9743,0.2277,0.9506,0.3119
19,5,5,0.9635,0.2776,0.9535,0.3035
20,1,1,0.7229,0.7139,0.8984,0.4395
20,2,2,0.8981,0.4812,0.9339,0.3592
20,3,3,0.9643,0.2741,0.9671,0.2558
20,4,4,0.9641,0.2815,0.9678,0.2525
20,5,5,0.969,0.2558,0.9671,0.2548
21,1,1,0.7796,0.6586,0.9167,0.4005
21,2,2,0.8924,0.4672,0.9476,0.3201
21,3,3,0.9701,0.2438,0.9702,0.2427
21,4,4,0.9785,0.2089,0.9698,0.2453
21,5,5,0.9759,0.2223,0.9675,0.2535
22,1,1,0.7216,0.7955,0.9003,0.4357
22,2,2,0.9321,0.3665,0.9262,0.3803
22,3,3,0.9692,0.2482,0.9477,0.32
22,4,4,0.9844,0.176,0.948,0.3189
22,5,5,0.9827,0.1874,0.9483,0.3184
23,1,1,0.7837,0.6907,0.9297,0.3711
23,2,2,0.9488,0.3192,0.9453,0.3265
23,3,3,0.9821,0.189,0.9687,0.2484
23,4,4,0.9873,0.16,0.9679,0.2515
23,5,5,0.985,0.1758,0.9703,0.2421
24,1,1,0.7921,0.6832,0.908,0.4222
24,2,2,0.9596,0.2846,0.9275,0.3763
24,3,3,0.982,0.1917,0.9379,0.3485
24,4,4,0.9875,0.162,0.9356,0.3553
24,5,5,0.9887,0.1552,0.942,0.3375
25,1,1,0.8555,0.5523,0.9279,0.3737
25,2,2,0.9634,0.2697,0.9508,0.3098
25,3,3,0.9816,0.1937,0.9585,0.2852
25,4,4,0.989,0.1516,0.9595,0.2821
25,5,5,0.989,0.149,0.9612,0.2759
26,1,1,0.8398,0.6284,0.9613,0.2815
26,2,2,0.9693,0.2458,0.966,0.2593
26,3,3,0.9891,0.1492,0.9816,0.1926
26,4,4,0.9911,0.1338,0.9815,0.192
26,5,5,0.9906,0.1373,0.9792,0.2031
27,1,1,0.784,0.718,0.953,0.3067
27,2,2,0.9641,0.266,0.9594,0.2821
27,3,3,0.9721,0.2493,0.978,0.2098
27,4,4,0.9858,0.1696,0.9773,0.2125
27,5,5,0.9872,0.1721,0.978,0.2089
