target_tokens,edit_radius,quality_scenario,position,repetitions,valid_repetitions,invalid_repetitions,valid_measurement_rate,executed_repetitions,execution_reasons,mean_selected_reuse_rows,mean_reused_rows,mean_span_count,mean_shadow_forward_ms,mean_active_preparation_ms,mean_active_copy_ms,mean_active_forward_ms,mean_forward_delta_ms,mean_selector_overhead_ms,mean_active_vs_native_ttft_ms,mean_ttft_delta_ms,native_quality_pass_rate,shadow_quality_pass_rate,reference_quality_pass_rate,active_quality_pass_rate,shadow_native_exact_match_rate,active_shadow_exact_match_rate,active_native_exact_match_rate,mean_active_shadow_word_similarity,mean_active_native_word_similarity
256,0,direct,early,3,3,0,1.0,3,eligible,207.0,207.0,2.0,58.445482889811196,0.6864254052440325,1.1004586617151897,37.66067123413086,-20.78481165568034,16.05977552632491,-3.3222070584694543,-19.38198258479436,1.0,1.0,1.0,1.0,1.0,1.0,1.0,1.0,1.0
256,0,direct,middle,3,3,0,1.0,3,eligible,143.0,143.0,2.0,46.745599110921226,0.6911937768260638,1.1178666750590007,37.78150304158529,-8.964096069335938,15.509086040159067,8.754228552182516,-6.754857487976551,1.0,1.0,1.0,1.0,1.0,1.0,1.0,1.0,1.0
256,0,direct,late,3,3,0,1.0,3,eligible,63.0,63.0,2.0,32.549888610839844,0.7341848686337471,1.0970453023910522,39.926100413004555,7.376211802164714,16.257903228203457,24.888658275206883,8.630755047003428,1.0,1.0,1.0,1.0,1.0,1.0,1.0,1.0,1.0
256,0,composed,early,3,3,0,1.0,3,eligible,207.0,207.0,2.0,58.19596862792969,0.6959410384297371,1.145855983098348,37.78594080607096,-20.410027821858723,16.299638897180557,-2.0938140029708543,-18.393452900151413,1.0,1.0,1.0,1.0,1.0,1.0,1.0,1.0,1.0
256,0,composed,middle,3,3,0,1.0,3,eligible,143.0,143.0,2.0,47.20503489176432,0.7497351616621017,1.1509759823481243,37.92042668660482,-9.284608205159506,16.63240573058526,8.894783444702625,-7.737622285882632,1.0,1.0,1.0,1.0,1.0,1.0,1.0,1.0,1.0
256,0,composed,late,3,3,0,1.0,3,eligible,79.0,79.0,2.0,32.25292841593424,0.7089882468183836,1.1441493431727092,37.947391510009766,5.6944630940755205,15.575057826936245,23.503778502345085,7.92872067540884,1.0,1.0,1.0,1.0,1.0,1.0,1.0,1.0,1.0
256,0,conflict,early,3,3,0,1.0,3,eligible,192.0,192.0,2.0,57.806165059407554,0.7298644632101059,1.1141119798024495,40.07355753580729,-17.73260752360026,15.951493134101232,-0.5317336569229761,-16.483226791024208,1.0,1.0,1.0,1.0,1.0,1.0,1.0,1.0,1.0
256,0,conflict,middle,3,3,0,1.0,3,eligible,128.0,128.0,2.0,48.27613830566406,0.7453147942821184,1.1025066773096721,42.05670420328776,-6.219434102376302,15.640173728267351,11.652694394191107,-3.9874793340762458,1.0,1.0,1.0,1.0,1.0,1.0,1.0,1.0,1.0
256,0,conflict,late,3,3,0,1.0,3,eligible,80.0,80.0,2.0,32.7062193552653,0.7634113232294718,1.1386879682540894,40.10052235921224,7.39430300394694,15.090981808801493,24.414059706032276,9.323077897230784,1.0,1.0,1.0,1.0,1.0,1.0,1.0,1.0,1.0
256,0,conflict_3,early,3,3,0,1.0,3,eligible,207.0,207.0,2.0,58.91857020060221,0.7118278493483862,1.1373226642608643,37.6893424987793,-21.229227701822918,16.804305836558342,-2.5339539473255477,-19.33825978388389,1.0,1.0,1.0,1.0,1.0,1.0,1.0,1.0,1.0
256,0,conflict_3,middle,3,3,0,1.0,3,eligible,175.0,175.0,2.0,55.51854960123698,0.6815604865550995,1.1055787007013957,37.67466735839844,-17.843882242838543,16.224937823911507,-0.32163411378860474,-16.54657193770011,1.0,1.0,1.0,1.0,1.0,1.0,1.0,1.0,1.0
256,0,conflict_3,late,3,3,0,1.0,3,eligible,143.0,143.0,2.0,47.522132873535156,0.6878596420089403,1.0963627099990845,37.73405838012695,-9.788074493408203,16.121627452472847,7.628541129330794,-8.493086323142052,1.0,1.0,1.0,1.0,1.0,1.0,1.0,1.0,1.0
256,0,conflict_5,early,3,3,0,1.0,3,eligible,207.0,207.0,2.0,58.80183537801107,0.7028551772236824,1.152341326077779,37.76648457845052,-21.035350799560547,16.06479628632466,-3.2783706362048783,-19.343166922529537,1.0,1.0,1.0,1.0,1.0,0.0,0.0,0.5,0.5
256,0,conflict_5,middle,3,3,0,1.0,3,eligible,191.0,191.0,2.0,55.83325958251953,0.6922952209909757,1.1001173257827759,37.82963180541992,-18.00362777709961,15.876800442735354,-0.9272517636418343,-16.80405220637719,1.0,1.0,1.0,1.0,1.0,1.0,1.0,1.0,1.0
256,0,conflict_5,late,3,3,0,1.0,3,eligible,175.0,175.0,2.0,56.03669357299805,0.6929816057284673,1.1035306851069133,37.7084592183431,-18.32823435465495,15.648633862535158,-0.8850985517104467,-16.533732414245605,1.0,1.0,1.0,1.0,1.0,1.0,1.0,1.0,1.0
256,0,pointer,early,3,3,0,1.0,3,eligible,207.0,207.0,2.0,58.44240951538086,0.6887838244438171,1.1069440046946208,37.67398452758789,-20.76842498779297,16.15235364685456,-3.413839265704155,-19.566192912558716,0.0,0.0,0.0,0.0,1.0,1.0,1.0,1.0,1.0
256,0,pointer,middle,3,3,0,1.0,3,eligible,159.0,159.0,2.0,48.03583908081055,0.7040640339255333,1.173845370610555,37.77126439412435,-10.264574686686197,15.202112185458342,7.059941068291664,-8.142171117166678,1.0,1.0,1.0,0.0,1.0,0.0,0.0,0.0,0.0
256,0,pointer,late,3,3,0,1.0,3,eligible,95.0,95.0,2.0,33.25986099243164,0.6883883227904638,1.106943964958191,37.9770876566569,4.717226664225261,15.608871976534525,22.024815591673057,6.415943615138531,1.0,1.0,1.0,0.0,1.0,0.0,0.0,0.0,0.0
256,0,rule,early,3,3,0,1.0,3,eligible,48.0,48.0,4.0,58.605909983317055,1.3516222437222798,1.1089919805526733,96.65365346272786,38.047743479410805,16.432872973382473,56.71671995272239,40.28384697933992,0.0,0.0,0.0,0.0,1.0,1.0,1.0,1.0,1.0
256,0,rule,middle,3,0,3,0.0,0,invalid_measurements,,,,,,,,,,,,,,,,,,,,
256,0,rule,late,3,0,3,0.0,0,invalid_measurements,,,,,,,,,,,,,,,,,,,,
256,1,direct,early,3,3,0,1.0,3,eligible,191.0,191.0,2.0,57.659732818603516,0.7405060653885206,1.1407359441121419,39.437313079833984,-18.22241973876953,15.44178556650877,-1.1911764740943909,-16.63296204060316,1.0,1.0,1.0,1.0,1.0,1.0,1.0,1.0,1.0
256,1,direct,middle,3,3,0,1.0,3,eligible,127.0,127.0,2.0,47.36955769856771,0.7483242079615593,1.141760031382243,39.634602864583336,-7.734954833984375,15.857690324385961,10.333310502270857,-5.524379822115104,1.0,1.0,1.0,1.0,1.0,1.0,1.0,1.0,1.0
256,1,direct,late,3,3,0,1.0,3,eligible,47.0,47.0,2.0,32.09864489237467,0.755211648841699,1.097386638323466,40.518314361572266,8.419669469197592,14.333146003385385,24.175117413202923,9.841971409817537,1.0,1.0,1.0,1.0,1.0,1.0,1.0,1.0,1.0
256,1,composed,early,3,3,0,1.0,3,eligible,191.0,191.0,2.0,58.305877685546875,0.7533915340900421,1.1677013238271077,39.59398396809896,-18.711893717447918,16.160760695735615,-0.5256673321127892,-16.686428027848404,1.0,1.0,1.0,1.0,1.0,1.0,1.0,1.0,1.0
256,1,composed,middle,3,3,0,1.0,3,eligible,127.0,127.0,2.0,47.06781895955404,0.7584510991970698,1.0990933179855347,39.770453135172524,-7.297365824381511,15.677024299899736,10.068947138885656,-5.60807716101408,1.0,1.0,1.0,1.0,1.0,1.0,1.0,1.0,1.0
256,1,composed,late,3,3,0,1.0,3,eligible,63.0,63.0,2.0,32.10171699523926,0.7600079601009687,1.1547306776046753,39.927808125813804,7.826091130574544,15.69966971874237,25.7067009806633,10.007031261920929,1.0,1.0,1.0,1.0,1.0,1.0,1.0,1.0,1.0
256,1,conflict,early,3,3,0,1.0,3,eligible,176.0,176.0,2.0,58.19084803263346,0.7693345348040262,1.172821323076884,42.124287923177086,-16.06656010945638,15.777801163494587,1.9481899216771126,-13.829611241817474,1.0,1.0,1.0,1.0,1.0,1.0,1.0,1.0,1.0
256,1,conflict,middle,3,3,0,1.0,3,eligible,112.0,112.0,2.0,47.956990559895836,0.7666650538643202,1.089194695154826,42.46766916910807,-5.489321390787761,15.122534396747747,11.4529716471831,-3.6695627495646477,1.0,1.0,1.0,1.0,1.0,1.0,1.0,1.0,1.0
256,1,conflict,late,3,3,0,1.0,3,eligible,64.0,64.0,2.0,33.12776565551758,0.7491738845904669,1.1182080109914143,42.180948893229164,9.053183237711588,15.78195889790853,25.753493420779705,9.971534522871176,1.0,1.0,1.0,1.0,1.0,1.0,1.0,1.0,1.0
256,1,conflict_3,early,3,3,0,1.0,3,eligible,191.0,191.0,2.0,57.88125737508138,0.7588450486461321,1.1369812885920207,39.641770680745445,-18.239486694335938,14.908406573037306,-1.2422387177745502,-16.150645290811855,1.0,1.0,1.0,1.0,1.0,0.0,0.0,0.5,0.5
256,1,conflict_3,middle,3,3,0,1.0,3,eligible,159.0,159.0,2.0,56.08038457234701,0.7503156860669454,1.1373226642608643,39.61480458577474,-16.465579986572266,16.328015985588234,1.3786116614937782,-14.949404324094454,1.0,1.0,1.0,1.0,1.0,1.0,1.0,1.0,1.0
256,1,conflict_3,late,3,3,0,1.0,3,eligible,127.0,127.0,2.0,47.23199971516927,0.7419278845191002,1.129471977551778,39.681023915608726,-7.550975799560547,16.573841994007427,9.902274856964747,-6.671567137042682,1.0,1.0,1.0,1.0,1.0,1.0,1.0,1.0,1.0
256,1,conflict_5,early,3,3,0,1.0,3,eligible,191.0,191.0,2.0,58.27959314982096,0.7540074487527212,1.1366400321324666,39.69365310668945,-18.58594004313151,15.283215790987015,-1.3418014471729596,-16.625017238159973,1.0,1.0,1.0,1.0,1.0,1.0,1.0,1.0,1.0
256,1,conflict_5,middle,3,3,0,1.0,3,eligible,175.0,175.0,2.0,56.07116826375326,0.7393049697081248,1.1345920165379841,39.80629348754883,-16.264874776204426,15.398284109930197,1.2685908004641533,-14.129693309466044,1.0,1.0,1.0,1.0,1.0,1.0,1.0,1.0,1.0
256,1,conflict_5,late,3,3,0,1.0,3,eligible,159.0,159.0,2.0,55.56701787312826,0.7409884904821714,1.137664000193278,39.67180633544922,-15.895211537679037,15.372211734453836,1.2359780569871266,-14.136233677466711,1.0,1.0,1.0,1.0,1.0,1.0,1.0,1.0,1.0
256,1,pointer,early,3,3,0,1.0,3,eligible,191.0,191.0,2.0,58.52945073445638,0.75581856071949,1.1250346899032593,39.74383036295573,-18.785620371500652,16.068960539996624,-0.8378634229302406,-16.906823962926865,0.0,0.0,0.0,0.0,1.0,1.0,1.0,1.0,1.0
256,1,pointer,middle,3,3,0,1.0,3,eligible,143.0,143.0,2.0,48.14472452799479,0.7794176538785299,1.19705597559611,39.83291753133138,-8.311806996663412,15.778140475352606,10.08606112251679,-5.6920793528358145,1.0,1.0,1.0,0.0,1.0,0.0,0.0,0.0,0.0
256,1,pointer,late,3,3,0,1.0,3,eligible,79.0,79.0,2.0,33.268394470214844,0.7764256248871485,1.1663360198338826,40.055807749430336,6.787413279215495,15.339753900965055,24.876179173588753,9.536425272623697,1.0,1.0,1.0,0.0,1.0,0.0,0.0,0.0,0.0
256,1,rule,early,3,3,0,1.0,0,no_reusable_rows,0.0,0.0,0.0,0.0,0.0,0.0,0.0,0.0,-0.029774693151315052,1.2408755719661713,1.2706502651174862,0.0,0.0,0.0,0.0,1.0,1.0,1.0,1.0,1.0
256,1,rule,middle,3,0,3,0.0,0,invalid_measurements,,,,,,,,,,,,,,,,,,,,
256,1,rule,late,3,0,3,0.0,0,invalid_measurements,,,,,,,,,,,,,,,,,,,,
256,2,direct,early,3,3,0,1.0,3,eligible,175.0,175.0,2.0,58.65028381347656,0.7938283185164133,1.1284480094909668,40.320682525634766,-18.329601287841797,15.855777387817701,-0.26111894597609836,-16.1168963337938,1.0,1.0,1.0,1.0,1.0,1.0,1.0,1.0,1.0
256,2,direct,middle,3,3,0,1.0,3,eligible,111.0,111.0,2.0,47.206399281819664,0.7297120367487272,1.0909013350804646,40.28791427612305,-6.918485005696614,15.591295125583807,10.363992303609848,-5.22730282197396,1.0,1.0,1.0,1.0,1.0,1.0,1.0,1.0,1.0
256,2,direct,late,3,3,0,1.0,3,eligible,31.0,31.0,2.0,32.41608683268229,0.743327351907889,1.0704213380813599,42.5881601969401,10.172073364257812,15.735753811895847,27.65661695351203,11.920863141616186,1.0,1.0,1.0,1.0,1.0,1.0,1.0,1.0,1.0
256,2,composed,early,3,3,0,1.0,3,eligible,175.0,175.0,2.0,58.2925656636556,0.7786213730772337,1.1007999976476033,40.088233947753906,-18.20433171590169,15.276712675889334,-0.6026541814208031,-15.879366857310137,1.0,1.0,1.0,1.0,1.0,1.0,1.0,1.0,1.0
256,2,composed,middle,3,3,0,1.0,3,eligible,111.0,111.0,2.0,47.308799743652344,0.7582449664672216,1.1059199968973796,40.49203236897787,-6.8167673746744795,15.801534677545229,10.719645147522291,-5.081889530022939,1.0,1.0,1.0,1.0,1.0,1.0,1.0,1.0,1.0
256,2,composed,late,3,3,0,1.0,3,eligible,47.0,47.0,2.0,32.18500264485677,0.7492788136005402,1.0994346539179485,40.29098637898763,8.10598373413086,15.748154061535994,25.704847959180672,9.956693897644678,1.0,1.0,1.0,1.0,1.0,1.0,1.0,1.0,1.0
256,2,conflict,early,3,3,0,1.0,3,eligible,160.0,160.0,2.0,58.35400517781576,0.7709776982665062,1.1004586617151897,42.82129033406576,-15.53271484375,15.40836226195097,2.2548517833153405,-13.15351047863563,1.0,1.0,1.0,1.0,1.0,1.0,1.0,1.0,1.0
256,2,conflict,middle,3,3,0,1.0,3,eligible,96.0,96.0,2.0,48.26009623209635,0.8067044739921888,1.2202666600545247,44.84983444213867,-3.410261789957682,15.569807961583138,14.912721700966358,-0.6570862606167793,1.0,1.0,1.0,1.0,1.0,1.0,1.0,1.0,1.0
256,2,conflict,late,3,3,0,1.0,3,eligible,48.0,48.0,2.0,33.271124521891274,0.7516046365102133,1.1345920165379841,42.86907704671224,9.597952524820963,15.671685027579466,27.407331702609856,11.73564667503039,1.0,1.0,1.0,1.0,1.0,1.0,1.0,1.0,1.0
256,2,conflict_3,early,3,3,0,1.0,3,eligible,175.0,175.0,2.0,58.88887405395508,0.7642945274710655,1.1096746921539307,40.34457524617513,-18.54429880777995,17.120778560638428,0.8911186208327612,-16.229659939805668,1.0,1.0,1.0,1.0,1.0,1.0,1.0,1.0,1.0
256,2,conflict_3,middle,3,3,0,1.0,3,eligible,143.0,143.0,2.0,55.99436823527018,0.7667448371648788,1.143125335375468,40.327850341796875,-15.666517893473307,15.299218706786633,2.2118017077445984,-13.087416999042034,1.0,1.0,1.0,1.0,1.0,1.0,1.0,1.0,1.0
256,2,conflict_3,late,3,3,0,1.0,3,eligible,111.0,111.0,2.0,47.25623448689779,0.738315594693025,1.0953386624654133,40.44561004638672,-6.810624440511067,15.81578484425942,11.168293344477812,-4.647491499781609,1.0,1.0,1.0,1.0,1.0,0.0,0.0,0.5,0.5
256,2,conflict_5,early,3,3,0,1.0,3,eligible,175.0,175.0,2.0,58.633557637532554,0.7356942320863405,1.0980693101882935,40.21009063720703,-18.42346700032552,16.100133769214153,-0.2878215163946152,-16.38795528560877,1.0,1.0,1.0,1.0,1.0,1.0,1.0,1.0,1.0
256,2,conflict_5,middle,3,3,0,1.0,3,eligible,159.0,159.0,2.0,56.839850107828774,0.7499313602844874,1.110698660214742,40.4043083190918,-16.43554178873698,15.884780635436377,1.6181723525126774,-14.266608282923698,1.0,1.0,1.0,1.0,1.0,1.0,1.0,1.0,1.0
256,2,conflict_5,late,3,3,0,1.0,3,eligible,143.0,143.0,2.0,55.71925354003906,0.7455612843235334,1.1182079712549846,40.37393061319987,-15.345322926839193,15.203879214823246,1.7681897928317387,-13.435689421991507,1.0,1.0,1.0,1.0,1.0,1.0,1.0,1.0,1.0
256,2,pointer,early,3,3,0,1.0,3,eligible,175.0,175.0,2.0,58.27447509765625,0.7314144944151243,1.0885119835535686,40.07697041829427,-18.19750467936198,15.45865802715222,-0.8801016956567764,-16.338759722808998,0.0,0.0,0.0,0.0,1.0,1.0,1.0,1.0,1.0
256,2,pointer,middle,3,3,0,1.0,3,eligible,127.0,127.0,2.0,48.21128590901693,0.751085268954436,1.0895359516143799,40.30907694498698,-7.902208964029948,15.695844466487566,9.658716308573881,-6.037128157913685,1.0,1.0,1.0,0.0,1.0,0.0,0.0,0.0,0.0
256,2,pointer,late,3,3,0,1.0,3,eligible,63.0,63.0,2.0,33.11343002319336,0.7286379113793373,1.078272024790446,40.402261098225914,7.288831075032552,15.098515897989273,24.60432332009077,9.505807422101498,1.0,1.0,1.0,0.0,1.0,0.0,0.0,0.0,0.0
256,2,rule,early,3,3,0,1.0,0,no_reusable_rows,0.0,0.0,0.0,0.0,0.0,0.0,0.0,0.0,0.185873049000899,0.7508620619773865,0.5649890129764875,0.0,0.0,0.0,0.0,1.0,1.0,1.0,1.0,1.0
256,2,rule,middle,3,0,3,0.0,0,invalid_measurements,,,,,,,,,,,,,,,,,,,,
256,2,rule,late,3,0,3,0.0,0,invalid_measurements,,,,,,,,,,,,,,,,,,,,
1024,0,direct,early,3,3,0,1.0,3,eligible,975.0,975.0,2.0,221.58643595377603,1.925878847638766,3.492522637049357,37.5654411315918,-184.02099482218424,18.00701084236304,-163.38231321424246,-181.3893240566055,1.0,1.0,1.0,1.0,1.0,1.0,1.0,1.0,1.0
1024,0,direct,middle,3,3,0,1.0,3,eligible,655.0,655.0,2.0,160.91238403320312,0.97617506980896,2.459648052851359,38.0675417582194,-122.84484227498372,18.168594998617966,-103.02940973391135,-121.19800473252933,1.0,1.0,1.0,1.0,1.0,1.0,1.0,1.0,1.0
1024,0,direct,late,3,3,0,1.0,3,eligible,319.0,319.0,2.0,85.7555643717448,0.7752484331528345,1.3905920187632244,40.60569636027018,-45.14986801147461,17.50516581038634,-26.196877161661785,-43.702042972048126,1.0,1.0,1.0,1.0,1.0,1.0,1.0,1.0,1.0
1024,0,composed,early,3,3,0,1.0,3,eligible,975.0,975.0,2.0,221.88748677571616,1.973888836801052,3.5174400011698403,37.75795237223307,-184.12953440348306,18.378943515320618,-162.9258639489611,-181.3048074642817,1.0,1.0,1.0,1.0,1.0,1.0,1.0,1.0,1.0
1024,0,composed,middle,3,3,0,1.0,3,eligible,655.0,655.0,2.0,161.12093607584634,1.016242429614067,2.432682673136393,37.951829274495445,-123.1691068013509,17.62680585185687,-103.6053616553545,-121.23216750721137,1.0,1.0,1.0,1.0,1.0,1.0,1.0,1.0,1.0
1024,0,composed,late,3,3,0,1.0,3,eligible,335.0,335.0,2.0,85.71119181315105,0.7217349484562874,1.4107306400934856,38.53039042154948,-47.18080139160156,15.819729926685492,-29.571622610092163,-45.39135253677765,1.0,1.0,1.0,1.0,1.0,1.0,1.0,1.0,1.0
1024,0,conflict,early,3,3,0,1.0,3,eligible,960.0,960.0,2.0,222.39402770996094,1.926749013364315,3.4648746649424234,40.840874989827476,-181.55315272013345,18.394332999984425,-159.90039488921562,-178.29472788920006,1.0,1.0,1.0,1.0,1.0,1.0,1.0,1.0,1.0
1024,0,conflict,middle,3,3,0,1.0,3,eligible,640.0,640.0,2.0,161.70325215657553,0.9532008940974871,2.429269313812256,43.212117513020836,-118.49113464355469,16.671526556213696,-99.58949623008569,-116.26102278629939,1.0,1.0,1.0,1.0,1.0,1.0,1.0,1.0,1.0
1024,0,conflict,late,3,3,0,1.0,3,eligible,336.0,336.0,2.0,87.22022247314453,0.7760009417931238,1.4284799893697102,41.82664489746094,-45.393577575683594,16.681148670613766,-26.805988202492397,-43.48713687310616,1.0,1.0,1.0,1.0,1.0,1.0,1.0,1.0,1.0
1024,0,conflict_3,early,3,3,0,1.0,3,eligible,975.0,975.0,2.0,222.47492472330728,1.9375520447889965,3.5123199621836343,37.71801630655924,-184.75690841674805,17.488255475958187,-164.02514496197304,-181.5134004379312,1.0,1.0,1.0,1.0,1.0,1.0,1.0,1.0,1.0
1024,0,conflict_3,middle,3,3,0,1.0,3,eligible,687.0,687.0,2.0,162.25040690104166,1.1010076850652695,2.5791145960489907,38.13683191935221,-124.11357498168945,16.471050990124542,-105.2251486107707,-121.69619960089524,1.0,1.0,1.0,1.0,1.0,1.0,1.0,1.0,1.0
1024,0,conflict_3,late,3,3,0,1.0,3,eligible,399.0,399.0,2.0,110.62886301676433,0.7415212069948515,1.6366933186848958,38.412970225016274,-72.21589279174805,16.535214769343536,-53.02538877973954,-69.56060354908307,1.0,1.0,1.0,1.0,1.0,1.0,1.0,1.0,1.0
1024,0,conflict_5,early,3,3,0,1.0,3,eligible,975.0,975.0,2.0,222.58687845865884,1.981487808128198,3.5229012966156006,37.65009053548177,-184.9367879231771,18.09521329899629,-164.1602050513029,-182.2554183502992,1.0,1.0,1.0,1.0,1.0,1.0,1.0,1.0,1.0
1024,0,conflict_5,middle,3,3,0,1.0,3,eligible,703.0,703.0,2.0,164.03046671549478,1.1067272474368413,2.6258773803710938,38.11635208129883,-125.91411463419597,17.175692754487198,-106.09469655901194,-123.27038931349914,1.0,1.0,1.0,1.0,1.0,1.0,1.0,1.0,1.0
1024,0,conflict_5,late,3,3,0,1.0,3,eligible,431.0,431.0,2.0,111.90579223632812,0.7044514641165733,1.7175893783569336,38.354262034098305,-73.55153020222981,15.895163329939047,-56.10589186350504,-72.00105519344409,1.0,1.0,1.0,1.0,1.0,1.0,1.0,1.0,1.0
1024,0,pointer,early,3,3,0,1.0,3,eligible,975.0,975.0,2.0,222.8340047200521,1.9894118110338848,3.5051519870758057,37.56475702921549,-185.26924769083658,17.838858378430206,-165.2055180942019,-183.04437647263208,0.0,0.0,0.0,0.0,1.0,1.0,1.0,1.0,1.0
1024,0,pointer,middle,3,3,0,1.0,3,eligible,671.0,671.0,2.0,162.6047159830729,1.083221286535263,2.4866134325663247,37.99859110514323,-124.60612487792969,17.199695731202763,-105.48778809607029,-122.68748382727306,0.0,0.0,0.0,0.0,1.0,1.0,1.0,1.0,1.0
1024,0,pointer,late,3,3,0,1.0,3,eligible,351.0,351.0,2.0,87.48168690999348,0.7098019123077393,1.462272008260091,38.663168589274086,-48.8185183207194,17.803692258894444,-30.411509796977043,-48.21520205587149,1.0,1.0,1.0,0.0,1.0,0.0,0.0,0.0,0.0
1024,0,rule,early,3,3,0,1.0,3,eligible,304.0,304.0,20.0,222.8094278971354,5.046990389625232,2.1193386713663735,471.82847086588544,249.01904296875,17.244468132654827,272.6123472675681,255.3678791349133,0.0,0.0,0.0,0.0,1.0,1.0,1.0,1.0,1.0
1024,0,rule,middle,3,0,3,0.0,0,invalid_measurements,,,,,,,,,,,,,,,,,,,,
1024,0,rule,late,3,0,3,0.0,0,invalid_measurements,,,,,,,,,,,,,,,,,,,,
1024,1,direct,early,3,3,0,1.0,3,eligible,959.0,959.0,2.0,221.15532938639322,1.9403217981259029,3.513685385386149,39.73666127522787,-181.41866811116537,16.663856493930023,-161.57048381865025,-178.23434031258026,1.0,1.0,1.0,1.0,1.0,1.0,1.0,1.0,1.0
1024,1,direct,middle,3,3,0,1.0,3,eligible,639.0,639.0,2.0,160.53998819986978,1.0497281327843666,2.453162670135498,40.09130605061849,-120.4486821492513,17.749825802942116,-100.74399194369714,-118.49381774663925,1.0,1.0,1.0,1.0,1.0,1.0,1.0,1.0,1.0
1024,1,direct,late,3,3,0,1.0,3,eligible,303.0,303.0,2.0,85.65179951985677,0.7804554576675097,1.377962629000346,41.065130869547524,-44.58666865030924,16.295708095033962,-26.428888862331707,-42.72459695736567,1.0,1.0,1.0,1.0,1.0,1.0,1.0,1.0,1.0
1024,1,composed,early,3,3,0,1.0,3,eligible,959.0,959.0,2.0,221.60042317708334,2.001815475523472,3.497984011967977,39.5772590637207,-182.02316411336264,17.668370467921097,-160.55536611626545,-178.22373658418655,1.0,1.0,1.0,1.0,1.0,1.0,1.0,1.0,1.0
1024,1,composed,middle,3,3,0,1.0,3,eligible,639.0,639.0,2.0,161.259521484375,1.0978470866878827,2.4087892373402915,40.01177724202474,-121.24774424235027,17.884640643994015,-101.54563219596942,-119.43027283996344,1.0,1.0,1.0,1.0,1.0,1.0,1.0,1.0,1.0
1024,1,composed,late,3,3,0,1.0,3,eligible,319.0,319.0,2.0,85.45553080240886,0.7770014926791191,1.4390613238016765,40.55859247843424,-44.89693832397461,15.881153754889965,-27.37433525423209,-43.25548900912205,1.0,1.0,1.0,1.0,1.0,1.0,1.0,1.0,1.0
1024,1,conflict,early,3,3,0,1.0,3,eligible,944.0,944.0,2.0,221.70794677734375,1.8758426109949748,3.608575979868571,43.135659535725914,-178.57228724161783,16.437117320795853,-158.8553056741754,-175.29242299497128,1.0,1.0,1.0,1.0,1.0,1.0,1.0,1.0,1.0
1024,1,conflict,middle,3,3,0,1.0,3,eligible,624.0,624.0,2.0,161.84798177083334,1.0438316191236179,2.3900159994761148,43.79033533732096,-118.05764643351237,16.842658321062725,-99.53334741294384,-116.37600573400657,1.0,1.0,1.0,1.0,1.0,1.0,1.0,1.0,1.0
1024,1,conflict,late,3,3,0,1.0,3,eligible,320.0,320.0,2.0,87.05672454833984,0.7586112866799036,1.4131199916203816,43.77804819742838,-43.27867635091146,16.74898558606704,-25.032678929467995,-41.781664515535034,1.0,1.0,1.0,1.0,1.0,1.0,1.0,1.0,1.0
1024,1,conflict_3,early,3,3,0,1.0,3,eligible,959.0,959.0,2.0,222.31278483072916,1.9369016711910565,3.4583892822265625,39.465301513671875,-182.84748331705728,17.902141126493614,-161.9956207772096,-179.8977619037032,1.0,1.0,1.0,1.0,1.0,1.0,1.0,1.0,1.0
1024,1,conflict_3,middle,3,3,0,1.0,3,eligible,671.0,671.0,2.0,162.07257588704428,1.1361697688698769,2.541909376780192,39.94043731689453,-122.13213857014973,16.478172813852627,-103.3828913544615,-119.86106416831414,1.0,1.0,1.0,1.0,1.0,1.0,1.0,1.0,1.0
1024,1,conflict_3,late,3,3,0,1.0,3,eligible,383.0,383.0,2.0,110.88725280761719,0.7565915584564209,1.5991466442743938,40.27392069498698,-70.6133321126302,16.236464492976665,-52.557624876499176,-68.79408936947584,1.0,1.0,1.0,1.0,1.0,1.0,1.0,1.0,1.0
1024,1,conflict_5,early,3,3,0,1.0,3,eligible,959.0,959.0,2.0,221.5942840576172,1.9825352355837822,3.554645299911499,39.65542348225912,-181.93886057535806,16.09907454500596,-162.2648173943162,-178.36389193932214,1.0,1.0,1.0,1.0,1.0,1.0,1.0,1.0,1.0
1024,1,conflict_5,middle,3,3,0,1.0,3,eligible,687.0,687.0,2.0,163.96902465820312,1.1678173517187436,2.5804800192515054,39.937705993652344,-124.03131866455078,16.670726239681244,-105.04667709271114,-121.71740333239238,1.0,1.0,1.0,1.0,1.0,1.0,1.0,1.0,1.0
1024,1,conflict_5,late,3,3,0,1.0,3,eligible,415.0,415.0,2.0,112.28194173177083,0.7509946202238401,1.7008639971415203,40.246612548828125,-72.0353291829427,16.481229414542515,-53.421820203463234,-69.90304961800575,1.0,1.0,1.0,1.0,1.0,1.0,1.0,1.0,1.0
1024,1,pointer,early,3,3,0,1.0,3,eligible,959.0,959.0,2.0,222.44181315104166,1.9946989292899768,3.5444053014119468,39.741780598958336,-182.70003255208334,17.891920792559784,-161.72079493602118,-179.61271572858095,0.0,0.0,0.0,0.0,1.0,1.0,1.0,1.0,1.0
1024,1,pointer,middle,3,3,0,1.0,3,eligible,655.0,655.0,2.0,161.74796549479166,1.070938693980376,2.5248427391052246,40.08038330078125,-121.66758219401042,16.321400180459023,-102.48408031960328,-118.8054805000623,0.0,0.0,0.0,0.0,1.0,1.0,1.0,1.0,1.0
1024,1,pointer,late,3,3,0,1.0,3,eligible,335.0,335.0,2.0,87.43014272054036,0.7653223971525828,1.45851735273997,40.56883239746094,-46.86131032307943,17.128393054008484,-28.172440516451996,-45.300833570460476,1.0,1.0,1.0,0.0,1.0,0.0,0.0,0.0,0.0
1024,1,rule,early,3,3,0,1.0,0,no_reusable_rows,0.0,0.0,0.0,0.0,0.0,0.0,0.0,0.0,0.7641858731706938,2.095020686586698,1.3308348134160042,0.0,0.0,0.0,0.0,1.0,1.0,1.0,1.0,1.0
1024,1,rule,middle,3,0,3,0.0,0,invalid_measurements,,,,,,,,,,,,,,,,,,,,
1024,1,rule,late,3,0,3,0.0,0,invalid_measurements,,,,,,,,,,,,,,,,,,,,
1024,2,direct,early,3,3,0,1.0,3,eligible,943.0,943.0,2.0,221.74514770507812,1.9034047921498616,3.4505386352539062,40.23534901936849,-181.50979868570963,17.657306045293808,-161.31671518087387,-178.97402122616768,1.0,1.0,1.0,1.0,1.0,1.0,1.0,1.0,1.0
1024,2,direct,middle,3,3,0,1.0,3,eligible,623.0,623.0,2.0,161.10967508951822,1.0863933712244034,2.4282453060150146,40.63436762491862,-120.47530746459961,16.430917506416638,-101.36612815161546,-117.7970456580321,1.0,1.0,1.0,1.0,1.0,1.0,1.0,1.0,1.0
1024,2,direct,late,3,3,0,1.0,3,eligible,287.0,287.0,2.0,85.77262878417969,0.7694050048788389,1.3434880177179973,43.09196853637695,-42.680660247802734,16.41764957457781,-24.36486693720023,-40.782516511778034,1.0,1.0,1.0,1.0,1.0,1.0,1.0,1.0,1.0
1024,2,composed,early,3,3,0,1.0,3,eligible,943.0,943.0,2.0,221.47140502929688,2.127214955786864,3.508906602859497,40.15616099039713,-181.31524403889975,16.21682879825433,-161.73221450299025,-177.9490433012446,1.0,1.0,1.0,1.0,1.0,1.0,1.0,1.0,1.0
1024,2,composed,middle,3,3,0,1.0,3,eligible,623.0,623.0,2.0,161.19671122233072,1.0792333632707596,2.453162670135498,40.67054875691732,-120.5261624654134,16.488885196546715,-101.3481505215168,-117.83703571806352,1.0,1.0,1.0,1.0,1.0,1.0,1.0,1.0,1.0
1024,2,composed,late,3,3,0,1.0,3,eligible,303.0,303.0,2.0,85.8593266805013,0.7722284644842148,1.4138026634852092,41.08185704549154,-44.777469635009766,17.055224316815536,-26.75731449077527,-43.812538807590805,1.0,1.0,1.0,1.0,1.0,1.0,1.0,1.0,1.0
1024,2,conflict,early,3,3,0,1.0,3,eligible,928.0,928.0,2.0,222.25647481282553,1.9615953788161278,3.388757308324178,43.376885732014976,-178.87958908081055,17.274823660651844,-158.59175939112902,-175.86658305178085,1.0,1.0,1.0,1.0,1.0,1.0,1.0,1.0,1.0
1024,2,conflict,middle,3,3,0,1.0,3,eligible,608.0,608.0,2.0,161.89781188964844,1.0461748267213504,2.3859200477600098,45.84584426879883,-116.05196762084961,16.445588630934555,-97.3634176577131,-113.80900628864765,1.0,1.0,1.0,1.0,1.0,1.0,1.0,1.0,1.0
1024,2,conflict,late,3,3,0,1.0,3,eligible,304.0,304.0,2.0,87.21749369303386,0.7731408501664797,1.4062933127085369,44.32452265421549,-42.89297103881836,16.23218630750974,-24.734169865647953,-40.96635617315769,1.0,1.0,1.0,1.0,1.0,1.0,1.0,1.0,1.0
1024,2,conflict_3,early,3,3,0,1.0,3,eligible,943.0,943.0,2.0,222.27831522623697,2.07658422489961,3.5013973712921143,40.00836308797201,-182.26995213826498,18.498690488437813,-161.88799062122902,-180.38668110966682,1.0,1.0,1.0,1.0,1.0,1.0,1.0,1.0,1.0
1024,2,conflict_3,middle,3,3,0,1.0,3,eligible,655.0,655.0,2.0,162.4272206624349,1.182927129169305,2.538837432861328,40.4312744140625,-121.99594624837239,17.39895933618148,-103.16195680449407,-120.56091614067554,1.0,1.0,1.0,1.0,1.0,1.0,1.0,1.0,1.0
1024,2,conflict_3,late,3,3,0,1.0,3,eligible,367.0,367.0,2.0,111.0111567179362,0.7647747794787089,1.6288426717122395,40.97979736328125,-70.03135935465495,16.144765851398308,-52.116723731160164,-68.26148958255847,1.0,1.0,1.0,1.0,1.0,1.0,1.0,1.0,1.0
1024,2,conflict_5,early,3,3,0,1.0,3,eligible,943.0,943.0,2.0,222.03016662597656,1.9611120223999023,3.502080043156942,40.081748962402344,-181.94841766357422,17.06132013350725,-161.70888766646385,-178.7702077999711,1.0,1.0,1.0,1.0,1.0,1.0,1.0,1.0,1.0
1024,2,conflict_5,middle,3,3,0,1.0,3,eligible,671.0,671.0,2.0,164.50013732910156,1.1725242560108502,2.607445319493612,40.62685902913412,-123.87327829996745,17.103790305554867,-104.24568379918735,-121.34947410474221,1.0,1.0,1.0,1.0,1.0,1.0,1.0,1.0,1.0
1024,2,conflict_5,late,3,3,0,1.0,3,eligible,399.0,399.0,2.0,112.13858286539714,0.7909576719005903,1.7309013605117798,41.06342315673828,-71.07515970865886,16.13193315764268,-52.2971727574865,-68.42910591512918,1.0,1.0,1.0,1.0,1.0,1.0,1.0,1.0,1.0
1024,2,pointer,early,3,3,0,1.0,3,eligible,943.0,943.0,2.0,221.70385233561197,2.033284865319729,3.6710399786631265,40.07150904337565,-181.63234329223633,16.726677616437275,-161.6758288194736,-178.40250643591085,0.0,0.0,0.0,0.0,1.0,1.0,1.0,1.0,1.0
1024,2,pointer,middle,3,3,0,1.0,3,eligible,639.0,639.0,2.0,162.1551767985026,1.1002567286292713,2.5053866704305015,40.58453241984049,-121.57064437866211,17.10984017699957,-101.69620346277952,-118.80604363977909,0.0,0.0,0.0,0.0,1.0,1.0,1.0,1.0,1.0
1024,2,pointer,late,3,3,0,1.0,3,eligible,319.0,319.0,2.0,87.26220957438152,0.7797547926505407,1.4755839904149373,41.17265065511068,-46.089558919270836,16.152166451017063,-28.525969324012596,-44.67813577502966,1.0,1.0,1.0,0.0,1.0,0.0,0.0,0.0,0.0
1024,2,rule,early,3,3,0,1.0,0,no_reusable_rows,0.0,0.0,0.0,0.0,0.0,0.0,0.0,0.0,0.5501843988895416,2.5992166871825853,2.0490322882930436,0.0,0.0,0.0,0.0,1.0,1.0,1.0,1.0,1.0
1024,2,rule,middle,3,0,3,0.0,0,invalid_measurements,,,,,,,,,,,,,,,,,,,,
1024,2,rule,late,3,0,3,0.0,0,invalid_measurements,,,,,,,,,,,,,,,,,,,,
4096,0,direct,early,3,3,0,1.0,3,eligible,4047.0,4047.0,2.0,923.931640625,10.78971941024065,13.670741399129232,38.29896545410156,-885.6326751708984,25.054954923689365,-848.7727216755351,-873.8276765992244,1.0,1.0,1.0,1.0,1.0,1.0,1.0,1.0,1.0
4096,0,direct,middle,3,3,0,1.0,3,eligible,2703.0,2703.0,2.0,654.5879109700521,7.01532078286012,9.209173202514648,40.232276916503906,-614.3556340535482,20.86458634585142,-585.3139084453384,-606.1784947911898,1.0,1.0,1.0,1.0,1.0,1.0,1.0,1.0,1.0
4096,0,direct,late,3,3,0,1.0,3,eligible,1343.0,1343.0,2.0,356.42811075846356,3.2465054343144097,4.871509393056233,44.50781758626302,-311.9202931722005,19.55401711165905,-289.24014916022617,-308.7941662718852,1.0,1.0,1.0,1.0,1.0,1.0,1.0,1.0,1.0
4096,0,composed,early,3,3,0,1.0,3,eligible,4047.0,4047.0,2.0,923.9316609700521,10.97892876714468,13.66323184967041,38.30374399820963,-885.6279169718424,28.741091179351013,-845.3214808056752,-874.0625719850262,1.0,1.0,1.0,1.0,1.0,1.0,1.0,1.0,1.0
4096,0,composed,middle,3,3,0,1.0,3,eligible,2703.0,2703.0,2.0,655.0364176432291,7.155316571394603,9.326933224995932,40.31601079305013,-614.7204068501791,26.51101506004731,-580.1555772001544,-606.6665922602018,1.0,1.0,1.0,1.0,1.0,1.0,1.0,1.0,1.0
4096,0,composed,late,3,3,0,1.0,3,eligible,1359.0,1359.0,2.0,356.5667012532552,3.27263151605924,5.030911922454834,42.63526280721029,-313.9314384460449,18.536916933953762,-291.38470844676095,-309.9216253807147,1.0,1.0,1.0,1.0,1.0,1.0,1.0,1.0,1.0
4096,0,conflict,early,3,3,0,1.0,3,eligible,4032.0,4032.0,2.0,924.5781453450521,10.886629112064838,13.586432139078775,45.25704701741537,-879.3210983276367,24.913371230165165,-841.9295403485497,-866.8429115787148,1.0,1.0,1.0,1.0,1.0,1.0,1.0,1.0,1.0
4096,0,conflict,middle,3,3,0,1.0,3,eligible,2688.0,2688.0,2.0,656.3225708007812,7.206322625279427,9.352874755859375,49.23016484578451,-607.0924059549967,22.752401729424793,-576.3905784115195,-599.1429801409444,1.0,1.0,1.0,1.0,1.0,1.0,1.0,1.0,1.0
4096,0,conflict,late,3,3,0,1.0,3,eligible,1360.0,1360.0,2.0,358.1460469563802,3.2463173071543374,4.993365287780762,49.618944803873696,-308.52710215250653,18.50216742604971,-286.10115063687164,-304.60331806292135,1.0,1.0,1.0,1.0,1.0,1.0,1.0,1.0,1.0
4096,0,conflict_3,early,3,3,0,1.0,3,eligible,4047.0,4047.0,2.0,926.1554158528646,10.93319896608591,13.659477233886719,38.333099365234375,-887.8223164876302,25.32689335445563,-850.5211379379034,-875.848031292359,1.0,1.0,1.0,1.0,1.0,1.0,1.0,1.0,1.0
4096,0,conflict_3,middle,3,3,0,1.0,3,eligible,2735.0,2735.0,2.0,654.5957641601562,7.201139815151691,9.429674784342447,40.34013875325521,-614.255625406901,22.30447002997001,-584.8940666764975,-607.1985367064675,1.0,1.0,1.0,1.0,1.0,1.0,1.0,1.0,1.0
4096,0,conflict_3,late,3,3,0,1.0,3,eligible,1423.0,1423.0,2.0,383.89111328125,3.397630527615547,5.104640007019043,42.44480005900065,-341.44631322224933,18.19675446798404,-319.4850500052174,-337.68180447320145,1.0,1.0,1.0,1.0,1.0,1.0,1.0,1.0,1.0
4096,0,conflict_5,early,3,3,0,1.0,3,eligible,4047.0,4047.0,2.0,926.3216552734375,10.994589577118555,13.687466621398926,38.32490539550781,-887.9967498779297,25.602676595250767,-851.3736883178353,-876.9763649130861,1.0,1.0,1.0,1.0,1.0,1.0,1.0,1.0,1.0
4096,0,conflict_5,middle,3,3,0,1.0,3,eligible,2751.0,2751.0,2.0,658.6480712890625,7.310399475196998,9.477461496988932,40.31999969482422,-618.3280715942383,22.29506801813841,-588.4655360132456,-610.760604031384,1.0,1.0,1.0,1.0,1.0,1.0,1.0,1.0,1.0
4096,0,conflict_5,late,3,3,0,1.0,3,eligible,1455.0,1455.0,2.0,383.7644755045573,3.566266347964605,5.320703983306885,42.413397471110024,-341.35107803344727,18.679929276307423,-319.06425518294174,-337.7441844592492,1.0,1.0,1.0,1.0,1.0,1.0,1.0,1.0,1.0
4096,0,pointer,early,3,3,0,1.0,3,eligible,4047.0,4047.0,2.0,927.2050374348959,11.031805848081907,13.722623825073242,38.33207321166992,-888.872964223226,26.21993391464154,-850.6061257794499,-876.8260596940914,0.0,0.0,0.0,0.0,1.0,1.0,1.0,1.0,1.0
4096,0,pointer,middle,3,3,0,1.0,3,eligible,2719.0,2719.0,2.0,657.4250691731771,7.121759777267774,9.379157384236654,40.38348897298177,-617.0415802001953,25.13854702313741,-584.3766642113527,-609.51521123449,0.0,0.0,0.0,0.0,1.0,1.0,1.0,1.0,1.0
4096,0,pointer,late,3,3,0,1.0,3,eligible,1375.0,1375.0,2.0,357.58489990234375,3.2521250347296395,4.973909378051758,42.585089365641274,-314.99981053670246,21.43940267463525,-290.5993340536952,-312.03873672833043,0.0,0.0,0.0,0.0,1.0,1.0,1.0,1.0,1.0
4096,0,rule,early,3,3,0,1.0,3,eligible,1328.0,1328.0,84.0,926.9500325520834,23.21407664567232,8.536064147949219,2239.8142903645835,1312.8642578125,22.006677153209846,1358.8937173287075,1336.8870401754975,0.0,0.0,0.0,0.0,1.0,0.0,0.0,0.0,0.0
4096,0,rule,middle,3,0,3,0.0,0,invalid_measurements,,,,,,,,,,,,,,,,,,,,
4096,0,rule,late,3,0,3,0.0,0,invalid_measurements,,,,,,,,,,,,,,,,,,,,
4096,1,direct,early,3,3,0,1.0,3,eligible,4031.0,4031.0,2.0,964.2526652018229,11.171241290867329,13.983402887980143,40.32375462849935,-923.9289105733236,25.532225146889687,-885.348734135429,-910.8809592823187,1.0,1.0,1.0,1.0,1.0,1.0,1.0,1.0,1.0
4096,1,direct,middle,3,3,0,1.0,3,eligible,2687.0,2687.0,2.0,682.2246500651041,7.100256159901619,9.192789395650228,42.23044204711914,-639.994208017985,21.269763819873333,-610.1033659651875,-631.3731297850609,1.0,1.0,1.0,1.0,1.0,1.0,1.0,1.0,1.0
4096,1,direct,late,3,3,0,1.0,3,eligible,1327.0,1327.0,2.0,370.35691324869794,3.328520804643631,4.947285334269206,45.36422348022461,-324.9926897684733,19.009854334096115,-301.1957152436177,-320.2055695777138,1.0,1.0,1.0,1.0,1.0,1.0,1.0,1.0,1.0
4096,1,composed,early,3,3,0,1.0,3,eligible,4031.0,4031.0,2.0,965.1445922851562,11.088205190996328,13.745152155558268,40.32477823893229,-924.819814046224,30.606760643422604,-881.0266513998309,-911.6334120432535,1.0,1.0,1.0,1.0,1.0,1.0,1.0,1.0,1.0
4096,1,composed,middle,3,3,0,1.0,3,eligible,2687.0,2687.0,2.0,680.6627197265625,7.3392993460098905,9.444010734558105,42.345472971598305,-638.3172467549642,25.910556316375732,-604.1647344827652,-630.0752907991409,1.0,1.0,1.0,1.0,1.0,1.0,1.0,1.0,1.0
4096,1,composed,late,3,3,0,1.0,3,eligible,1343.0,1343.0,2.0,370.09442138671875,3.436609171330929,5.118293285369873,44.78771209716797,-325.3067092895508,17.220220838983852,-303.45335012922686,-320.6735709682107,1.0,1.0,1.0,1.0,1.0,1.0,1.0,1.0,1.0
4096,1,conflict,early,3,3,0,1.0,3,eligible,4016.0,4016.0,2.0,964.5533854166666,10.99342138816913,13.666303952534994,47.517696380615234,-917.0356890360514,26.636939495801926,-877.4215811863542,-904.0585206821561,1.0,1.0,1.0,1.0,1.0,1.0,1.0,1.0,1.0
4096,1,conflict,middle,3,3,0,1.0,3,eligible,2672.0,2672.0,2.0,681.2409261067709,7.349553207556407,9.454250971476236,50.28556823730469,-630.9553578694662,20.355259378751118,-601.80923063308,-622.1644900118312,1.0,1.0,1.0,1.0,1.0,1.0,1.0,1.0,1.0
4096,1,conflict,late,3,3,0,1.0,3,eligible,1344.0,1344.0,2.0,371.3792012532552,3.46859327207009,5.062997500101726,52.03797276814779,-319.3412284851074,17.256127670407295,-297.27236678202945,-314.52849445243675,1.0,1.0,1.0,1.0,1.0,1.0,1.0,1.0,1.0
4096,1,conflict_3,early,3,3,0,1.0,3,eligible,4031.0,4031.0,2.0,965.8951619466146,11.276942367355028,13.896362940470377,40.371883392333984,-925.5232785542806,26.493739957610767,-886.9220294679204,-913.4157694255313,1.0,1.0,1.0,1.0,1.0,1.0,1.0,1.0,1.0
4096,1,conflict_3,middle,3,3,0,1.0,3,eligible,2719.0,2719.0,2.0,679.8769327799479,7.648897978166739,9.765205383300781,42.450602213541664,-637.4263305664062,20.92839435984691,-608.5540888210138,-629.4824831808606,1.0,1.0,1.0,1.0,1.0,1.0,1.0,1.0,1.0
4096,1,conflict_3,late,3,3,0,1.0,3,eligible,1407.0,1407.0,2.0,398.40699259440106,3.6337499817212424,5.292714754740397,44.6102180480957,-353.79677454630536,17.308464584251244,-331.78652574618656,-349.09499033043784,1.0,1.0,1.0,1.0,1.0,1.0,1.0,1.0,1.0
4096,1,conflict_5,early,3,3,0,1.0,3,eligible,4031.0,4031.0,2.0,965.8685302734375,11.243129149079323,13.835946400960287,40.353109995524086,-925.5154202779134,25.978391679624718,-886.7446109652519,-912.7230026448766,1.0,1.0,1.0,1.0,1.0,1.0,1.0,1.0,1.0
4096,1,conflict_5,middle,3,3,0,1.0,3,eligible,2735.0,2735.0,2.0,685.1335042317709,7.707877705494563,9.832789421081543,42.521942138671875,-642.611562093099,22.19637669622898,-611.9513039787611,-634.14768067499,1.0,1.0,1.0,1.0,1.0,1.0,1.0,1.0,1.0
4096,1,conflict_5,late,3,3,0,1.0,3,eligible,1439.0,1439.0,2.0,397.8738301595052,3.76938966413339,5.454506715138753,44.681556701660156,-353.19227345784503,17.701936264832813,-330.01429711778957,-347.7162333826224,1.0,1.0,1.0,1.0,1.0,1.0,1.0,1.0,1.0
4096,1,pointer,early,3,3,0,1.0,3,eligible,4031.0,4031.0,2.0,965.8504435221354,11.052435263991356,13.668010711669922,40.283477783203125,-925.5669657389323,26.488302896420162,-886.6310821225246,-913.1193850189447,0.0,0.0,0.0,0.0,1.0,1.0,1.0,1.0,1.0
4096,1,pointer,middle,3,3,0,1.0,3,eligible,2703.0,2703.0,2.0,682.8086547851562,7.349592323104541,9.481216112772623,42.361515045166016,-640.4471397399902,24.36086752762397,-607.1180313204726,-631.4788988480965,0.0,0.0,0.0,0.0,1.0,1.0,1.0,1.0,1.0
4096,1,pointer,late,3,3,0,1.0,3,eligible,1359.0,1359.0,2.0,370.6091613769531,3.470872218410174,5.133653322855632,44.75938161214193,-325.8497797648112,19.539192629357178,-301.83018650859594,-321.3693791379531,0.0,0.0,0.0,0.0,1.0,1.0,1.0,1.0,1.0
4096,1,rule,early,3,3,0,1.0,0,no_reusable_rows,0.0,0.0,0.0,0.0,0.0,0.0,0.0,0.0,11.067342944443226,19.02214561899503,7.954802674551805,0.0,0.0,0.0,0.0,1.0,1.0,1.0,1.0,1.0
4096,1,rule,middle,3,0,3,0.0,0,invalid_measurements,,,,,,,,,,,,,,,,,,,,
4096,1,rule,late,3,0,3,0.0,0,invalid_measurements,,,,,,,,,,,,,,,,,,,,
4096,2,direct,early,3,3,0,1.0,3,eligible,4015.0,4015.0,2.0,959.2132161458334,11.124612763524055,13.919232050577799,40.92450078328451,-918.2887153625488,23.335307215650875,-882.1561764925718,-905.4914837082227,1.0,1.0,1.0,1.0,1.0,1.0,1.0,1.0,1.0
4096,2,direct,middle,3,3,0,1.0,3,eligible,2671.0,2671.0,2.0,677.7900390625,7.330566334227721,9.413973490397135,43.08684794108073,-634.7031911214193,22.40877536435922,-603.9863101517161,-626.3950855160753,1.0,1.0,1.0,1.0,1.0,1.0,1.0,1.0,1.0
4096,2,direct,late,3,3,0,1.0,3,eligible,1311.0,1311.0,2.0,368.97313435872394,3.316651408871015,4.934314727783203,47.376043955485024,-321.59709040323895,20.552136624852817,-297.6885394503673,-318.2406760752201,1.0,1.0,1.0,1.0,1.0,1.0,1.0,1.0,1.0
4096,2,composed,early,3,3,0,1.0,3,eligible,4015.0,4015.0,2.0,956.2675374348959,10.950869259734949,13.68063990275065,40.855210622151695,-915.4123268127441,27.441624241570633,-875.0106071432432,-902.4522313848138,1.0,1.0,1.0,1.0,1.0,1.0,1.0,1.0,1.0
4096,2,composed,middle,3,3,0,1.0,3,eligible,2671.0,2671.0,2.0,675.6877644856771,7.220673064390819,9.356629371643066,43.04656982421875,-632.6411946614584,24.076349412401516,-599.5653159916401,-623.6416654040416,1.0,1.0,1.0,1.0,1.0,1.0,1.0,1.0,1.0
4096,2,composed,late,3,3,0,1.0,3,eligible,1327.0,1327.0,2.0,367.13165283203125,3.309867655237516,4.981760025024414,45.17068735758463,-321.9609654744466,16.636517830193043,-301.01681345452863,-317.6533312847217,1.0,1.0,1.0,1.0,1.0,1.0,1.0,1.0,1.0
4096,2,conflict,early,3,3,0,1.0,3,eligible,4000.0,4000.0,2.0,956.2586466471354,11.200358470280966,13.77996794382731,48.12731679280599,-908.1313298543295,23.794541756312054,-871.9129217788577,-895.7074635351697,1.0,1.0,1.0,1.0,1.0,1.0,1.0,1.0,1.0
4096,2,conflict,middle,3,3,0,1.0,3,eligible,2656.0,2656.0,2.0,676.5431315104166,7.5184547652800875,9.564159711201986,52.51652272542318,-624.0266087849935,19.553712879618008,-596.3439776872596,-615.8976905668775,1.0,1.0,1.0,1.0,1.0,1.0,1.0,1.0,1.0
4096,2,conflict,late,3,3,0,1.0,3,eligible,1328.0,1328.0,2.0,368.48093668619794,3.5388202716906867,5.180757522583008,52.7366828918457,-315.74425379435223,17.445355653762817,-294.43672113120556,-311.8820767849684,1.0,1.0,1.0,1.0,1.0,1.0,1.0,1.0,1.0
4096,2,conflict_3,early,3,3,0,1.0,3,eligible,4015.0,4015.0,2.0,957.8612060546875,11.223739633957544,13.782016118367514,40.91904067993164,-916.9421653747559,24.849594570696354,-880.1924142365655,-905.0420088072618,1.0,1.0,1.0,1.0,1.0,1.0,1.0,1.0,1.0
4096,2,conflict_3,middle,3,3,0,1.0,3,eligible,2703.0,2703.0,2.0,675.0126139322916,7.743151548008124,9.84439468383789,43.08821360270182,-631.9244003295898,20.654201818009216,-602.1639462560415,-622.8181480740508,1.0,1.0,1.0,1.0,1.0,1.0,1.0,1.0,1.0
4096,2,conflict_3,late,3,3,0,1.0,3,eligible,1391.0,1391.0,2.0,396.2436218261719,3.548910841345787,5.21830399831136,45.288106282552086,-350.9555155436198,18.512867701550324,-328.722333535552,-347.23520123710233,1.0,1.0,1.0,1.0,1.0,1.0,1.0,1.0,1.0
4096,2,conflict_5,early,3,3,0,1.0,3,eligible,4015.0,4015.0,2.0,957.4853922526041,11.136532761156559,13.805909474690756,40.909141540527344,-916.5762507120768,22.785531356930733,-880.8802195514241,-903.6657509083549,1.0,1.0,1.0,1.0,1.0,1.0,1.0,1.0,1.0
4096,2,conflict_5,middle,3,3,0,1.0,3,eligible,2719.0,2719.0,2.0,678.9785359700521,7.384696044027805,9.50988801320394,42.855082194010414,-636.1234537760416,20.93859699865182,-607.7611666793624,-628.6997636780143,1.0,1.0,1.0,1.0,1.0,1.0,1.0,1.0,1.0
4096,2,conflict_5,late,3,3,0,1.0,3,eligible,1423.0,1423.0,2.0,394.2004089355469,3.87491254756848,5.513215859731038,45.25704574584961,-348.94336318969727,17.396474877993267,-327.2121675933401,-344.6086424713333,1.0,1.0,1.0,1.0,1.0,1.0,1.0,1.0,1.0
4096,2,pointer,early,3,3,0,1.0,3,eligible,4015.0,4015.0,2.0,957.7151082356771,11.310362257063389,13.903530756632486,40.95453898111979,-916.7605692545573,23.67862934867541,-880.6229926024874,-904.3016219511628,0.0,0.0,0.0,0.0,1.0,1.0,1.0,1.0,1.0
4096,2,pointer,middle,3,3,0,1.0,3,eligible,2687.0,2687.0,2.0,677.4743041992188,7.334469817578793,9.43616008758545,42.90593973795573,-634.5683644612631,22.986745772262413,-603.7684576585889,-626.7552034308513,0.0,0.0,0.0,0.0,1.0,1.0,1.0,1.0,1.0
4096,2,pointer,late,3,3,0,1.0,3,eligible,1343.0,1343.0,2.0,368.8284200032552,3.653192582229773,5.2674560546875,45.332139333089195,-323.496280670166,19.941709625224274,-299.39838219434023,-319.3400918195645,0.0,0.0,0.0,0.0,1.0,1.0,1.0,1.0,1.0
4096,2,rule,early,3,3,0,1.0,0,no_reusable_rows,0.0,0.0,0.0,0.0,0.0,0.0,0.0,0.0,7.728600564102332,21.19042755415042,13.46182699004809,0.0,0.0,0.0,0.0,1.0,1.0,1.0,1.0,1.0
4096,2,rule,middle,3,0,3,0.0,0,invalid_measurements,,,,,,,,,,,,,,,,,,,,
4096,2,rule,late,3,0,3,0.0,0,invalid_measurements,,,,,,,,,,,,,,,,,,,,
